URL handle,Title,Body (HTML),Vendor,Product Category,Type,Tags,Published,Option1 Name,Option1 Value,Option2 Name,Option2 Value,Option3 Name,Option3 Value,Variant SKU,Variant Grams,Variant Inventory Tracker,Variant Inventory Qty,Variant Inventory Policy,Variant Fulfillment Service,Variant Price,Variant Compare At Price,Variant Requires Shipping,Variant Taxable,Variant Barcode,Image Src,Image Position,Image Alt Text,Gift Card,SEO Title,SEO Description,Variant Image,Variant Weight Unit,Status,Collection
backpack-nfl-las-vegas-raiders-bp-20260923-xi-019,Vegas Noir - LV Shield in Black and Gold,"<p>A study in restraint and contrast: near-total black, interrupted only by gold. The kind of accessory that says everything before you speak.</p><h3>Design Story</h3><p>The front panel is anchored by a crested shield emblem reading RAIDERS, with a helmeted pirate face flanked by crossed sabres and a single star at the crown. Beneath it, oversized block lettering runs edge to edge across the lower panel, the second visual beat in a clean two-tier hierarchy. Diagonal gold brushstrokes cut across the matte black field at a consistent angle, giving the surface rhythm without noise, while a fine crocodile-look texture and small repeated shield marks fill the negative space. Gold piping traces the panel edges, drawing the eye along the silhouette rather than fighting the emblem for attention.</p><h3>Product Details</h3><ul><li>Material: Durable, lightweight canvas fabric</li><li>Print: All-over print across the entire backpack</li><li>Water resistance: Water-resistant canvas helps protect your items from light rain</li><li>Closure: Smooth zippers</li><li>Straps: Adjustable shoulder straps for a comfortable fit</li><li>Compartments: Inner and exterior compartments</li><li>Padding: Thick foam inside to help protect a laptop or tablet</li><li>Storage: Roomy enough for a laptop, tablet, books, phone, wallet, keys, water bottle, and more</li></ul><h3>Carry &amp; Styling</h3><p>On a backpack silhouette, this reads as a deliberate front-panel composition: crest high, wordmark low, straps framing the graphic cleanly on either side. Carried on the back, the scale holds from a distance, and the near-monochrome palette with metallic accents keeps it wearable across everyday carry, campus and travel styling.</p><h3>Size &amp; Dimensions</h3><p>Size guide (Length × Width × Height):</p><ul><li>✔ S: 8.7"" L × 4.7"" W × 11.8"" H (22 × 12 × 30 cm)</li><li>✔ M: 11.8"" L × 6.7"" W × 15.7"" H (30 × 17 × 40 cm)</li><li>✔ L: 13.8"" L × 7.9"" W × 17.7"" H (35 × 20 × 45 cm)</li></ul><p>Please refer to the size guide before ordering.</p><h3>Care</h3><ul><li>Hand wash or gentle machine wash.</li><li>Do not bleach. Do not iron.</li></ul><p>Quiet construction, loud identity. A bold graphic accessory with the volume kept exactly where it belongs.</p>",Taveris,Luggage & Bags > Backpacks,Backpack,"Accessories, Backpack NFL, Backpacks, Graphic Backpack, New Arrivals, Printed Backpack, School Bag",TRUE,Size,S,,,,,DN-SEYZRBBWMNYK-S,,,,deny,manual,49.95,59.95,TRUE,TRUE,,https://all-products.taveris.co/products/backpack-nfl-las-vegas-raiders-bp-20260923-xi-019/01-main.webp,1,Vegas Noir - LV Shield in Black and Gold - main,FALSE,Raiders Backpack - Black and Gold Shield Graphic Bag,,,,active,Backpack NFL
backpack-nfl-las-vegas-raiders-bp-20260923-xi-019,,,,,,,,Option1,M,,,,,DN-SEYZRBBWMNYK-M,,,,deny,manual,59.95,69.95,TRUE,TRUE,,https://all-products.taveris.co/products/backpack-nfl-las-vegas-raiders-bp-20260923-xi-019/02-main.webp,2,Vegas Noir - LV Shield in Black and Gold - main,,,,,,,
backpack-nfl-las-vegas-raiders-bp-20260923-xi-019,,,,,,,,Option1,L,,,,,DN-SEYZRBBWMNYK-L,,,,deny,manual,69.95,79.95,TRUE,TRUE,,https://all-products.taveris.co/products/backpack-nfl-las-vegas-raiders-bp-20260923-xi-019/03-main.webp,3,Vegas Noir - LV Shield in Black and Gold - main,,,,,,,
backpack-nfl-las-vegas-raiders-bp-20260923-xi-019,,,,,,,,,,,,,,,,,,,,,,,,,https://all-products.taveris.co/products/backpack-nfl-las-vegas-raiders-bp-20260923-xi-019/04-main.webp,4,Vegas Noir - LV Shield in Black and Gold - main,,,,,,,
backpack-nfl-las-vegas-raiders-bp-20260923-xi-019,,,,,,,,,,,,,,,,,,,,,,,,,https://all-products.taveris.co/products/backpack-nfl-las-vegas-raiders-bp-20260923-xi-019/05-main.webp,5,Vegas Noir - LV Shield in Black and Gold - main,,,,,,,
backpack-nfl-buffalo-bills-bp-20260923-xi-020,"BUF Standing Charge - A Study in Navy, Red and Gold Panelwork","<p>The eye lands on the charging buffalo first, rendered in deep blue with a single red stripe cutting across it. Everything else on the panel exists to frame that one emblem.</p><h3>Design Story</h3><p>The composition is built from angled color blocks: navy, cream and red, each separated by thin gold piping that behaves like drawn lines on a page. A glossy quilted section anchors the upper left and repeats along the front pocket, catching light where the surrounding panels stay matte. Below it, block gold lettering reads BILLS, weighted and centered. Faint buffalo silhouettes are worked into the darker surfaces as quiet repetition rather than noise. Nothing moves here. The design is entirely still, and that stillness is the point — this is team identity presented with the composure of a display piece.</p><h3>Product Details</h3><ul><li>Material: Durable, lightweight canvas fabric</li><li>Print: All-over print across the entire backpack</li><li>Water resistance: Water-resistant canvas helps protect your items from light rain</li><li>Closure: Smooth zippers</li><li>Straps: Adjustable shoulder straps for a comfortable fit</li><li>Compartments: Inner and exterior compartments</li><li>Padding: Thick foam inside to help protect a laptop or tablet</li><li>Storage: Roomy enough for a laptop, tablet, books, phone, wallet, keys, water bottle, and more</li></ul><h3>Carry &amp; Styling</h3><p>On a backpack silhouette, that hierarchy works. The emblem sits high on the front panel where it reads clearly from a distance, the lettering takes the lower register, and the gold edge lines follow the curve of the bag rather than fighting it. Straps and top handle in flat black keep the color story uninterrupted. Carried on the back, it reads as a bold graphic accessory — composed enough for a commute, loud enough for a game day.</p><h3>Size &amp; Dimensions</h3><p>Size guide (Length × Width × Height):</p><ul><li>✔ S: 8.7"" L × 4.7"" W × 11.8"" H (22 × 12 × 30 cm)</li><li>✔ M: 11.8"" L × 6.7"" W × 15.7"" H (30 × 17 × 40 cm)</li><li>✔ L: 13.8"" L × 7.9"" W × 17.7"" H (35 × 20 × 45 cm)</li></ul><p>Please refer to the size guide before ordering.</p><h3>Care</h3><ul><li>Hand wash or gentle machine wash.</li><li>Do not bleach. Do not iron.</li></ul><p>Team colors, arranged with intent rather than volume.</p>",Taveris,Luggage & Bags > Backpacks,Backpack,"Accessories, Backpack NFL, Backpacks, Graphic Backpack, New Arrivals, Printed Backpack, School Bag",TRUE,Size,S,,,,,DN-E74T2FKO557Z-S,,,,deny,manual,49.95,59.95,TRUE,TRUE,,https://all-products.taveris.co/products/backpack-nfl-buffalo-bills-bp-20260923-xi-020/01-main.webp,1,"BUF Standing Charge - A Study in Navy, Red and Gold Panelwork - main",FALSE,BUF Bills Backpack - Navy Red Gold Panel Design,,,,active,Backpack NFL
backpack-nfl-buffalo-bills-bp-20260923-xi-020,,,,,,,,Option1,M,,,,,DN-E74T2FKO557Z-M,,,,deny,manual,59.95,69.95,TRUE,TRUE,,https://all-products.taveris.co/products/backpack-nfl-buffalo-bills-bp-20260923-xi-020/02-main.webp,2,"BUF Standing Charge - A Study in Navy, Red and Gold Panelwork - main",,,,,,,
backpack-nfl-buffalo-bills-bp-20260923-xi-020,,,,,,,,Option1,L,,,,,DN-E74T2FKO557Z-L,,,,deny,manual,69.95,79.95,TRUE,TRUE,,https://all-products.taveris.co/products/backpack-nfl-buffalo-bills-bp-20260923-xi-020/03-main.webp,3,"BUF Standing Charge - A Study in Navy, Red and Gold Panelwork - main",,,,,,,
backpack-nfl-buffalo-bills-bp-20260923-xi-020,,,,,,,,,,,,,,,,,,,,,,,,,https://all-products.taveris.co/products/backpack-nfl-buffalo-bills-bp-20260923-xi-020/04-main.webp,4,"BUF Standing Charge - A Study in Navy, Red and Gold Panelwork - main",,,,,,,
backpack-nfl-buffalo-bills-bp-20260923-xi-020,,,,,,,,,,,,,,,,,,,,,,,,,https://all-products.taveris.co/products/backpack-nfl-buffalo-bills-bp-20260923-xi-020/05-main.webp,5,"BUF Standing Charge - A Study in Navy, Red and Gold Panelwork - main",,,,,,,
backpack-nfl-dallas-cowboys-bp-20260923-xi-021,DAL Star Club - Ivory and Navy Heritage Backpack,"<p>A quiet flex rather than a loud one. The composition trades team-print noise for a tailored, almost atelier-level arrangement of ivory, deep navy and warm gold.</p><h3>Design Story</h3><p>The front panel is built around a single dominant symbol: a blue five-point star, ringed in gold and set on a softly tooled ivory field with a small crown floating above it. Everything else defers to it. Navy croc-textured panels frame the sides and base, banded by thin gold rules that echo the curve of the silhouette. Lower down, raised gold lettering reads COWBOYS above a navy plaque marked EST 1960 — typographic weight placed where the eye lands second. The palette is disciplined: two tones plus metallic accent, high tonal contrast, no visual clutter.</p><h3>Product Details</h3><ul><li>Material: Durable, lightweight canvas fabric</li><li>Print: All-over print across the entire backpack</li><li>Water resistance: Water-resistant canvas helps protect your items from light rain</li><li>Closure: Smooth zippers</li><li>Straps: Adjustable shoulder straps for a comfortable fit</li><li>Compartments: Inner and exterior compartments</li><li>Padding: Thick foam inside to help protect a laptop or tablet</li><li>Storage: Roomy enough for a laptop, tablet, books, phone, wallet, keys, water bottle, and more</li></ul><h3>Carry &amp; Styling</h3><p>On a backpack silhouette the hierarchy works hard. The star sits high on the front panel, so it stays legible on the back when carried, while the lettering block anchors the lower third and keeps the proportion grounded. Contrast panels follow the zipper line and edge seams instead of fighting them, and the straps and top handle read as dark negative space that lets the ivory field breathe. Dressy enough for travel, graphic enough for everyday carry.</p><h3>Size &amp; Dimensions</h3><p>Size guide (Length × Width × Height):</p><ul><li>✔ S: 8.7"" L × 4.7"" W × 11.8"" H (22 × 12 × 30 cm)</li><li>✔ M: 11.8"" L × 6.7"" W × 15.7"" H (30 × 17 × 40 cm)</li><li>✔ L: 13.8"" L × 7.9"" W × 17.7"" H (35 × 20 × 45 cm)</li></ul><p>Please refer to the size guide before ordering.</p><h3>Care</h3><ul><li>Hand wash or gentle machine wash.</li><li>Do not bleach. Do not iron.</li></ul><p>Team allegiance, cut with editorial restraint.</p>",Taveris,Luggage & Bags > Backpacks,Backpack,"Accessories, Backpack NFL, Backpacks, Graphic Backpack, New Arrivals, Printed Backpack, School Bag",TRUE,Size,S,,,,,DN-ABDSS6VPDAPP-S,,,,deny,manual,49.95,59.95,TRUE,TRUE,,https://all-products.taveris.co/products/backpack-nfl-dallas-cowboys-bp-20260923-xi-021/01-main.webp,1,DAL Star Club - Ivory and Navy Heritage Backpack - main,FALSE,Dallas Cowboys Star Backpack - Navy and Ivory Design,,,,active,Backpack NFL
backpack-nfl-dallas-cowboys-bp-20260923-xi-021,,,,,,,,Option1,M,,,,,DN-ABDSS6VPDAPP-M,,,,deny,manual,59.95,69.95,TRUE,TRUE,,https://all-products.taveris.co/products/backpack-nfl-dallas-cowboys-bp-20260923-xi-021/02-main.webp,2,DAL Star Club - Ivory and Navy Heritage Backpack - main,,,,,,,
backpack-nfl-dallas-cowboys-bp-20260923-xi-021,,,,,,,,Option1,L,,,,,DN-ABDSS6VPDAPP-L,,,,deny,manual,69.95,79.95,TRUE,TRUE,,https://all-products.taveris.co/products/backpack-nfl-dallas-cowboys-bp-20260923-xi-021/03-main.webp,3,DAL Star Club - Ivory and Navy Heritage Backpack - main,,,,,,,
backpack-nfl-dallas-cowboys-bp-20260923-xi-021,,,,,,,,,,,,,,,,,,,,,,,,,https://all-products.taveris.co/products/backpack-nfl-dallas-cowboys-bp-20260923-xi-021/04-main.webp,4,DAL Star Club - Ivory and Navy Heritage Backpack - main,,,,,,,
backpack-nfl-dallas-cowboys-bp-20260923-xi-021,,,,,,,,,,,,,,,,,,,,,,,,,https://all-products.taveris.co/products/backpack-nfl-dallas-cowboys-bp-20260923-xi-021/05-main.webp,5,DAL Star Club - Ivory and Navy Heritage Backpack - main,,,,,,,
backpack-nfl-green-bay-packers-bp-20260923-xi-022,GB Monogram - Heritage Green and Gold Backpack,"<p>Deep forest green, warm gold, a single cream stripe running the full height of the bag. This is team identity rewritten in the language of a fashion house.</p><h3>Design Story</h3><p>The surface is built as an all-over monogram: repeating oval G emblems alternating with four-point florals, tonal enough that the pattern reads as texture before it reads as logo. Down the centre, a cream stripe flanked by darker green panels creates a vertical axis that organises everything. The oval crest sits at the upper centre as the single focal point, framed in gold and lifted by a faint sunburst. Below it, a small dark plaque reads GREEN BAY, EST 1919, closing the composition with quiet typographic weight.</p><h3>Product Details</h3><ul><li>Material: Durable, lightweight canvas fabric</li><li>Print: All-over print across the entire backpack</li><li>Water resistance: Water-resistant canvas helps protect your items from light rain</li><li>Closure: Smooth zippers</li><li>Straps: Adjustable shoulder straps for a comfortable fit</li><li>Compartments: Inner and exterior compartments</li><li>Padding: Thick foam inside to help protect a laptop or tablet</li><li>Storage: Roomy enough for a laptop, tablet, books, phone, wallet, keys, water bottle, and more</li></ul><h3>Carry &amp; Styling</h3><p>On the backpack silhouette the hierarchy holds up beautifully. The centre stripe elongates the front panel, the crest anchors the upper third, and the monogram wraps the side and lower panels so the bag stays interesting from every angle. Carried on the back it reads as a considered accessory rather than a slogan piece, easy alongside a neutral coat for commute, campus, or travel.</p><h3>Size &amp; Dimensions</h3><p>Size guide (Length × Width × Height):</p><ul><li>✔ S: 8.7"" L × 4.7"" W × 11.8"" H (22 × 12 × 30 cm)</li><li>✔ M: 11.8"" L × 6.7"" W × 15.7"" H (30 × 17 × 40 cm)</li><li>✔ L: 13.8"" L × 7.9"" W × 17.7"" H (35 × 20 × 45 cm)</li></ul><p>Please refer to the size guide before ordering.</p><h3>Care</h3><ul><li>Hand wash or gentle machine wash.</li><li>Do not bleach. Do not iron.</li></ul><p>Team colours, tailored into something you would actually style.</p>",Taveris,Luggage & Bags > Backpacks,Backpack,"Accessories, Backpack NFL, Backpacks, Graphic Backpack, New Arrivals, Printed Backpack, School Bag",TRUE,Size,S,,,,,DN-VKJXOOX2UOR3-S,,,,deny,manual,49.95,59.95,TRUE,TRUE,,https://all-products.taveris.co/products/backpack-nfl-green-bay-packers-bp-20260923-xi-022/01-main.webp,1,GB Monogram - Heritage Green and Gold Backpack - main,FALSE,Green Bay Packers Backpack - Green and Gold Monogram Bag,,,,active,Backpack NFL
backpack-nfl-green-bay-packers-bp-20260923-xi-022,,,,,,,,Option1,M,,,,,DN-VKJXOOX2UOR3-M,,,,deny,manual,59.95,69.95,TRUE,TRUE,,https://all-products.taveris.co/products/backpack-nfl-green-bay-packers-bp-20260923-xi-022/02-main.webp,2,GB Monogram - Heritage Green and Gold Backpack - main,,,,,,,
backpack-nfl-green-bay-packers-bp-20260923-xi-022,,,,,,,,Option1,L,,,,,DN-VKJXOOX2UOR3-L,,,,deny,manual,69.95,79.95,TRUE,TRUE,,https://all-products.taveris.co/products/backpack-nfl-green-bay-packers-bp-20260923-xi-022/03-main.webp,3,GB Monogram - Heritage Green and Gold Backpack - main,,,,,,,
backpack-nfl-green-bay-packers-bp-20260923-xi-022,,,,,,,,,,,,,,,,,,,,,,,,,https://all-products.taveris.co/products/backpack-nfl-green-bay-packers-bp-20260923-xi-022/04-main.webp,4,GB Monogram - Heritage Green and Gold Backpack - main,,,,,,,
backpack-nfl-green-bay-packers-bp-20260923-xi-022,,,,,,,,,,,,,,,,,,,,,,,,,https://all-products.taveris.co/products/backpack-nfl-green-bay-packers-bp-20260923-xi-022/05-main.webp,5,GB Monogram - Heritage Green and Gold Backpack - main,,,,,,,
backpack-nfl-kansas-city-chiefs-bp-20260923-xi-023,KC in Gold - Arrowhead Emblem Luxe Backpack,"<p>Some designs shout. This one glows. The whole composition is built on a single idea: black surface, gold light, and one emblem allowed to own the front panel.</p><h3>Design Story</h3><p>The visual hierarchy here is almost ruthless. A gold arrowhead crest with a dark KC monogram sits high on the upper panel, ringed in a pale stone-like outline that catches light and pulls the eye first. Below it, block lettering reading CHIEFS anchors the lower panel, and a small plate reading LIMITED EDITION closes the composition at the base. Between them, angular gold and silver-toned trim panels with thin red piping create diagonal tension against the rounded backpack silhouette. Repeating tonal KC motifs and a quilted diamond pattern fill the background without competing. That is the trick — one loud focal point, two supporting text blocks, everything else whispering.</p><h3>Product Details</h3><ul><li>Material: Durable, lightweight canvas fabric</li><li>Print: All-over print across the entire backpack</li><li>Water resistance: Water-resistant canvas helps protect your items from light rain</li><li>Closure: Smooth zippers</li><li>Straps: Adjustable shoulder straps for a comfortable fit</li><li>Compartments: Inner and exterior compartments</li><li>Padding: Thick foam inside to help protect a laptop or tablet</li><li>Storage: Roomy enough for a laptop, tablet, books, phone, wallet, keys, water bottle, and more</li></ul><h3>Carry &amp; Styling</h3><p>On a backpack, that top-to-bottom hierarchy works exactly right. The crest lands where the front panel is widest and most visible, the wordmark reads clearly from behind you, and the trim lines follow the curve of the silhouette instead of fighting it. Straps and top handle frame the graphic rather than cut through it. Game day, campus, weekend travel — the carry profile stays sharp.</p><h3>Size &amp; Dimensions</h3><p>Size guide (Length × Width × Height):</p><ul><li>✔ S: 8.7"" L × 4.7"" W × 11.8"" H (22 × 12 × 30 cm)</li><li>✔ M: 11.8"" L × 6.7"" W × 15.7"" H (30 × 17 × 40 cm)</li><li>✔ L: 13.8"" L × 7.9"" W × 17.7"" H (35 × 20 × 45 cm)</li></ul><p>Please refer to the size guide before ordering.</p><h3>Care</h3><ul><li>Hand wash or gentle machine wash.</li><li>Do not bleach. Do not iron.</li></ul><p>Team pride, composed like a jewelry case. Quiet in structure, impossible to miss.</p>",Taveris,Luggage & Bags > Backpacks,Backpack,"Accessories, Backpack NFL, Backpacks, Graphic Backpack, New Arrivals, Printed Backpack, School Bag",TRUE,Size,S,,,,,DN-66CCITWIKXJA-S,,,,deny,manual,49.95,59.95,TRUE,TRUE,,https://all-products.taveris.co/products/backpack-nfl-kansas-city-chiefs-bp-20260923-xi-023/01-main.webp,1,KC in Gold - Arrowhead Emblem Luxe Backpack - main,FALSE,KC Chiefs Backpack - Gold Arrowhead Emblem Design,,,,active,Backpack NFL
backpack-nfl-kansas-city-chiefs-bp-20260923-xi-023,,,,,,,,Option1,M,,,,,DN-66CCITWIKXJA-M,,,,deny,manual,59.95,69.95,TRUE,TRUE,,https://all-products.taveris.co/products/backpack-nfl-kansas-city-chiefs-bp-20260923-xi-023/02-main.webp,2,KC in Gold - Arrowhead Emblem Luxe Backpack - main,,,,,,,
backpack-nfl-kansas-city-chiefs-bp-20260923-xi-023,,,,,,,,Option1,L,,,,,DN-66CCITWIKXJA-L,,,,deny,manual,69.95,79.95,TRUE,TRUE,,https://all-products.taveris.co/products/backpack-nfl-kansas-city-chiefs-bp-20260923-xi-023/03-main.webp,3,KC in Gold - Arrowhead Emblem Luxe Backpack - main,,,,,,,
backpack-nfl-kansas-city-chiefs-bp-20260923-xi-023,,,,,,,,,,,,,,,,,,,,,,,,,https://all-products.taveris.co/products/backpack-nfl-kansas-city-chiefs-bp-20260923-xi-023/04-main.webp,4,KC in Gold - Arrowhead Emblem Luxe Backpack - main,,,,,,,
backpack-nfl-kansas-city-chiefs-bp-20260923-xi-023,,,,,,,,,,,,,,,,,,,,,,,,,https://all-products.taveris.co/products/backpack-nfl-kansas-city-chiefs-bp-20260923-xi-023/05-main.webp,5,KC in Gold - Arrowhead Emblem Luxe Backpack - main,,,,,,,
backpack-nfl-philadelphia-eagles-bp-20260923-xi-024,PHI Gold Drip - Crowned Eagle Graphic Backpack,"<p>Some team graphics just repeat a logo. This one stages it. A crowned eagle head sits dead center on the front panel, and everything else on the surface exists to push your eye toward it.</p><h3>Design Story</h3><p>The palette does the heavy lifting: deep forest green and black, cut through with gold splatter and thin white flecks. That splatter is chaotic, but it's controlled chaos — it thins out around the emblem so the eagle never gets buried. The gold drip running off the logo's lower edge adds just enough movement to keep the composition from feeling posed. Up top, a jeweled-look crown gives the mark attitude without tipping into parody. Below, graffiti-style lettering stacks white over gold, with a small gold-framed placard closing the layout at the base.</p><h3>Product Details</h3><ul><li>Material: Durable, lightweight canvas fabric</li><li>Print: All-over print across the entire backpack</li><li>Water resistance: Water-resistant canvas helps protect your items from light rain</li><li>Closure: Smooth zippers</li><li>Straps: Adjustable shoulder straps for a comfortable fit</li><li>Compartments: Inner and exterior compartments</li><li>Padding: Thick foam inside to help protect a laptop or tablet</li><li>Storage: Roomy enough for a laptop, tablet, books, phone, wallet, keys, water bottle, and more</li></ul><h3>Carry &amp; Styling</h3><p>On a backpack silhouette this works because the hierarchy is built for the shape. The emblem owns the upper front panel where the curve catches light, the lettering anchors the lower panel, and the splatter carries around the side so the piece reads as one continuous surface rather than a sticker on a bag. Carried on the back, the crest sits at eye level — a bold graphic accessory for everyday carry, campus, or travel.</p><h3>Size &amp; Dimensions</h3><p>Size guide (Length × Width × Height):</p><ul><li>✔ S: 8.7"" L × 4.7"" W × 11.8"" H (22 × 12 × 30 cm)</li><li>✔ M: 11.8"" L × 6.7"" W × 15.7"" H (30 × 17 × 40 cm)</li><li>✔ L: 13.8"" L × 7.9"" W × 17.7"" H (35 × 20 × 45 cm)</li></ul><p>Please refer to the size guide before ordering.</p><h3>Care</h3><ul><li>Hand wash or gentle machine wash.</li><li>Do not bleach. Do not iron.</li></ul><p>Loud where it counts, composed everywhere else. That's why it lands.</p>",Taveris,Luggage & Bags > Backpacks,Backpack,"Accessories, Backpack NFL, Backpacks, Graphic Backpack, New Arrivals, Printed Backpack, School Bag",TRUE,Size,S,,,,,DN-JP4BIUWKQGRI-S,,,,deny,manual,49.95,59.95,TRUE,TRUE,,https://all-products.taveris.co/products/backpack-nfl-philadelphia-eagles-bp-20260923-xi-024/01-main.webp,1,PHI Gold Drip - Crowned Eagle Graphic Backpack - main,FALSE,Philadelphia Eagles Backpack - Gold Drip Graphic Bag,,,,active,Backpack NFL
backpack-nfl-philadelphia-eagles-bp-20260923-xi-024,,,,,,,,Option1,M,,,,,DN-JP4BIUWKQGRI-M,,,,deny,manual,59.95,69.95,TRUE,TRUE,,https://all-products.taveris.co/products/backpack-nfl-philadelphia-eagles-bp-20260923-xi-024/02-main.webp,2,PHI Gold Drip - Crowned Eagle Graphic Backpack - main,,,,,,,
backpack-nfl-philadelphia-eagles-bp-20260923-xi-024,,,,,,,,Option1,L,,,,,DN-JP4BIUWKQGRI-L,,,,deny,manual,69.95,79.95,TRUE,TRUE,,https://all-products.taveris.co/products/backpack-nfl-philadelphia-eagles-bp-20260923-xi-024/03-main.webp,3,PHI Gold Drip - Crowned Eagle Graphic Backpack - main,,,,,,,
backpack-nfl-philadelphia-eagles-bp-20260923-xi-024,,,,,,,,,,,,,,,,,,,,,,,,,https://all-products.taveris.co/products/backpack-nfl-philadelphia-eagles-bp-20260923-xi-024/04-main.webp,4,PHI Gold Drip - Crowned Eagle Graphic Backpack - main,,,,,,,
backpack-nfl-philadelphia-eagles-bp-20260923-xi-024,,,,,,,,,,,,,,,,,,,,,,,,,https://all-products.taveris.co/products/backpack-nfl-philadelphia-eagles-bp-20260923-xi-024/05-main.webp,5,PHI Gold Drip - Crowned Eagle Graphic Backpack - main,,,,,,,
backpack-nfl-pittsburgh-steelers-bp-20260923-xi-017,PIT Gold Script - Graffiti Crown Backpack in Black and Gold,"<p>Black on gold, but handled with restraint. The front panel reads like a studio wall shot in low light — dense, tonal, deliberately unhurried.</p><h3>Design Story</h3><p>The composition is layered rather than loud. A dripping graffiti crown sits high on the upper panel, anchoring the hierarchy, while an oversized gold script reading ""Steelers"" cuts diagonally across the widest part of the silhouette. Beneath it, a tonal black-on-black field of repeating four-point star motifs adds texture without competing for attention. Gold paint splatter breaks the grid at irregular intervals, giving the surface visual rhythm. The lower panel carries a circular gold-toned emblem with the same star mark, a small plate reading ""Limited Edition"", and the script repeats down the side panel so the graphic wraps instead of stopping at the edge.</p><h3>Product Details</h3><ul><li>Material: Durable, lightweight canvas fabric</li><li>Print: All-over print across the entire backpack</li><li>Water resistance: Water-resistant canvas helps protect your items from light rain</li><li>Closure: Smooth zippers</li><li>Straps: Adjustable shoulder straps for a comfortable fit</li><li>Compartments: Inner and exterior compartments</li><li>Padding: Thick foam inside to help protect a laptop or tablet</li><li>Storage: Roomy enough for a laptop, tablet, books, phone, wallet, keys, water bottle, and more</li></ul><h3>Carry &amp; Styling</h3><p>On a backpack silhouette the scale works: the script occupies the full front width, so the design still reads clearly when carried on the back. The crown sits above the horizontal panel break, keeping the focal structure upright rather than buried under the straps. Negative space in the dark ground lets the gold carry the whole palette. It reads as a statement accessory with everyday and travel styling range.</p><h3>Size &amp; Dimensions</h3><p>Size guide (Length × Width × Height):</p><ul><li>✔ S: 8.7"" L × 4.7"" W × 11.8"" H (22 × 12 × 30 cm)</li><li>✔ M: 11.8"" L × 6.7"" W × 15.7"" H (30 × 17 × 40 cm)</li><li>✔ L: 13.8"" L × 7.9"" W × 17.7"" H (35 × 20 × 45 cm)</li></ul><p>Please refer to the size guide before ordering.</p><h3>Care</h3><ul><li>Hand wash or gentle machine wash.</li><li>Do not bleach. Do not iron.</li></ul><p>Directional, tonal, and confident without shouting.</p>",Taveris,Luggage & Bags > Backpacks,Backpack,"Accessories, Backpack NFL, Backpacks, Graphic Backpack, New Arrivals, Printed Backpack, School Bag",TRUE,Size,S,,,,,DN-OZE56BHIY5WC-S,,,,deny,manual,49.95,59.95,TRUE,TRUE,,https://all-products.taveris.co/products/backpack-nfl-pittsburgh-steelers-bp-20260923-xi-017/01-main.webp,1,PIT Gold Script - Graffiti Crown Backpack in Black and Gold - main,FALSE,Steelers Backpack - Black and Gold Graffiti Graphic Bag,,,,active,Backpack NFL
backpack-nfl-pittsburgh-steelers-bp-20260923-xi-017,,,,,,,,Option1,M,,,,,DN-OZE56BHIY5WC-M,,,,deny,manual,59.95,69.95,TRUE,TRUE,,https://all-products.taveris.co/products/backpack-nfl-pittsburgh-steelers-bp-20260923-xi-017/02-main.webp,2,PIT Gold Script - Graffiti Crown Backpack in Black and Gold - main,,,,,,,
backpack-nfl-pittsburgh-steelers-bp-20260923-xi-017,,,,,,,,Option1,L,,,,,DN-OZE56BHIY5WC-L,,,,deny,manual,69.95,79.95,TRUE,TRUE,,https://all-products.taveris.co/products/backpack-nfl-pittsburgh-steelers-bp-20260923-xi-017/03-main.webp,3,PIT Gold Script - Graffiti Crown Backpack in Black and Gold - main,,,,,,,
backpack-nfl-pittsburgh-steelers-bp-20260923-xi-017,,,,,,,,,,,,,,,,,,,,,,,,,https://all-products.taveris.co/products/backpack-nfl-pittsburgh-steelers-bp-20260923-xi-017/04-main.webp,4,PIT Gold Script - Graffiti Crown Backpack in Black and Gold - main,,,,,,,
backpack-nfl-pittsburgh-steelers-bp-20260923-xi-017,,,,,,,,,,,,,,,,,,,,,,,,,https://all-products.taveris.co/products/backpack-nfl-pittsburgh-steelers-bp-20260923-xi-017/05-main.webp,5,PIT Gold Script - Graffiti Crown Backpack in Black and Gold - main,,,,,,,
backpack-nfl-san-francisco-49ers-bp-20260923-xi-018,SF Gold Drip - Graffiti Crown Statement Backpack,"<p>Some accessories whisper. This one holds a stance. A black surface composition broken by dripping gold script and sharp crimson mark-making, built around a single oval emblem that anchors the entire front panel.</p><h3>Design Story</h3><p>The layout follows a clear visual hierarchy. A gold crown and ""SAN FRANCISCO"" lettering sit high on the upper panel, both rendered in a wet, dripping graffiti stroke that reads as deliberate rather than accidental. Below, the red-and-gold SF oval functions as the focal core, ringed in pale stones that catch light against the matte-dark ground. The lower pocket panel carries oversized ""49ERS"" tagging in the same molten gold, scaled large enough to hold its own beneath the emblem. Red slashes and small silver marks scatter across the remaining surfaces, filling negative space without crowding it. A restrained palette — black, crimson, gold — keeps the layered composition disciplined.</p><h3>Product Details</h3><ul><li>Material: Durable, lightweight canvas fabric</li><li>Print: All-over print across the entire backpack</li><li>Water resistance: Water-resistant canvas helps protect your items from light rain</li><li>Closure: Smooth zippers</li><li>Straps: Adjustable shoulder straps for a comfortable fit</li><li>Compartments: Inner and exterior compartments</li><li>Padding: Thick foam inside to help protect a laptop or tablet</li><li>Storage: Roomy enough for a laptop, tablet, books, phone, wallet, keys, water bottle, and more</li></ul><h3>Carry &amp; Styling</h3><p>On a backpack silhouette, the graphic reads as tiered storytelling: crown, emblem, wordmark, top to bottom. The panel-edge piping and vertical zipper line frame the artwork instead of cutting it, while the shoulder straps stay clean black so the front panel carries the full statement. Worn on the back, it becomes the loudest piece in an otherwise simple outfit — gameday, campus, or weekend carry.</p><h3>Size &amp; Dimensions</h3><p>Size guide (Length × Width × Height):</p><ul><li>✔ S: 8.7"" L × 4.7"" W × 11.8"" H (22 × 12 × 30 cm)</li><li>✔ M: 11.8"" L × 6.7"" W × 15.7"" H (30 × 17 × 40 cm)</li><li>✔ L: 13.8"" L × 7.9"" W × 17.7"" H (35 × 20 × 45 cm)</li></ul><p>Please refer to the size guide before ordering.</p><h3>Care</h3><ul><li>Hand wash or gentle machine wash.</li><li>Do not bleach. Do not iron.</li></ul><p>Team loyalty, styled like a graffiti wall you can wear.</p>",Taveris,Luggage & Bags > Backpacks,Backpack,"Accessories, Backpack NFL, Backpacks, Graphic Backpack, New Arrivals, Printed Backpack, School Bag",TRUE,Size,S,,,,,DN-J53PRPXLV7N6-S,,,,deny,manual,49.95,59.95,TRUE,TRUE,,https://all-products.taveris.co/products/backpack-nfl-san-francisco-49ers-bp-20260923-xi-018/01-main.webp,1,SF Gold Drip - Graffiti Crown Statement Backpack - main,FALSE,SF 49ers Backpack - Gold Graffiti Football Fan Bag,,,,active,Backpack NFL
backpack-nfl-san-francisco-49ers-bp-20260923-xi-018,,,,,,,,Option1,M,,,,,DN-J53PRPXLV7N6-M,,,,deny,manual,59.95,69.95,TRUE,TRUE,,https://all-products.taveris.co/products/backpack-nfl-san-francisco-49ers-bp-20260923-xi-018/02-main.webp,2,SF Gold Drip - Graffiti Crown Statement Backpack - main,,,,,,,
backpack-nfl-san-francisco-49ers-bp-20260923-xi-018,,,,,,,,Option1,L,,,,,DN-J53PRPXLV7N6-L,,,,deny,manual,69.95,79.95,TRUE,TRUE,,https://all-products.taveris.co/products/backpack-nfl-san-francisco-49ers-bp-20260923-xi-018/03-main.webp,3,SF Gold Drip - Graffiti Crown Statement Backpack - main,,,,,,,
backpack-nfl-san-francisco-49ers-bp-20260923-xi-018,,,,,,,,,,,,,,,,,,,,,,,,,https://all-products.taveris.co/products/backpack-nfl-san-francisco-49ers-bp-20260923-xi-018/04-main.webp,4,SF Gold Drip - Graffiti Crown Statement Backpack - main,,,,,,,
backpack-nfl-san-francisco-49ers-bp-20260923-xi-018,,,,,,,,,,,,,,,,,,,,,,,,,https://all-products.taveris.co/products/backpack-nfl-san-francisco-49ers-bp-20260923-xi-018/05-main.webp,5,SF Gold Drip - Graffiti Crown Statement Backpack - main,,,,,,,
cap-nfl-buffalo-bills-cap-20260923-uy-023,Ivory and Cobalt - BUF Emblem Vintage Cap,"<p>A cap built around contrast: warm ivory panels against deep cobalt, with gold linework doing the editing. Nothing shouts, yet the eye lands immediately where it should.</p><h3>Design Story</h3><p>The front panel carries a large blue buffalo emblem with its red stripe cutting diagonally across the crown, crowned by a jewelled gold motif and anchored beneath by BILLS in outlined block lettering and a row of small stars. Side panels shift to a glossy tiled blue with a repeating buffalo and B motif, framed by thin gold piping and a small plate reading EST. 1960. The brim mirrors that same blue panel against ivory, so the crown-to-brim relationship reads as one continuous composition rather than two separate surfaces.</p><h3>Product Details</h3><ul><li>Material: Soft, lightweight cotton with a leather patch</li><li>Print: Full custom print</li><li>Fit: Unisex, one size fits most men and women</li><li>Closure: Adjustable buckle strap</li><li>Ventilation: Shaped breathable holes for better air circulation</li><li>Portability: Lightweight and easy to pack for travel</li></ul><h3>Wear &amp; Styling</h3><p>On the curved crown, the emblem scales generously without crowding the seams, while the pale front acts as negative space that keeps the graphic legible from a distance. The tonal split between light crown and blue-accented brim gives the cap silhouette visible structure, and the vintage soft baseball cap shape keeps the whole thing casual rather than ceremonial. Styling is easy: it sits as the statement accessory over neutral layers, denim, or gameday basics.</p><h3>Size &amp; Fit</h3><ul><li>✔ One Size: Fits head circumference 22–23.6"" (56–60 cm), adjustable buckle strap</li></ul><p>Please check your head circumference before ordering.</p><h3>Care</h3><ul><li>Hand wash or machine wash cold with like colors.</li><li>Tumble dry low.</li><li>Do not bleach.</li></ul><p>Team allegiance, composed with a designer's restraint.</p>",Taveris,Arts & Entertainment > Hobbies & Creative Arts > Collectibles > Sports Collectibles > Sports Fan Accessories > Caps,Cap,"Accessories, Cap NFL, Caps, Graphic Cap, New Arrivals, Printed Hat",TRUE,Title,Default Title,,,,,DN-S3M4MFE64MLG,,,,deny,manual,39.95,44.95,TRUE,TRUE,,https://all-products.taveris.co/products/cap-nfl-buffalo-bills-cap-20260923-uy-023/01-main.webp,1,Ivory and Cobalt - BUF Emblem Vintage Cap - main,FALSE,Buffalo Bills Baseball Cap - Ivory Crown Emblem Design,,,,active,Cap NFL
cap-nfl-buffalo-bills-cap-20260923-uy-023,,,,,,,,,,,,,,,,,,,,,,,,,https://all-products.taveris.co/products/cap-nfl-buffalo-bills-cap-20260923-uy-023/02-main.webp,2,Ivory and Cobalt - BUF Emblem Vintage Cap - main,,,,,,,
cap-nfl-buffalo-bills-cap-20260923-uy-023,,,,,,,,,,,,,,,,,,,,,,,,,https://all-products.taveris.co/products/cap-nfl-buffalo-bills-cap-20260923-uy-023/03-main.webp,3,Ivory and Cobalt - BUF Emblem Vintage Cap - main,,,,,,,
cap-nfl-buffalo-bills-cap-20260923-uy-023,,,,,,,,,,,,,,,,,,,,,,,,,https://all-products.taveris.co/products/cap-nfl-buffalo-bills-cap-20260923-uy-023/04-main.webp,4,Ivory and Cobalt - BUF Emblem Vintage Cap - main,,,,,,,
cap-nfl-buffalo-bills-cap-20260923-uy-023,,,,,,,,,,,,,,,,,,,,,,,,,https://all-products.taveris.co/products/cap-nfl-buffalo-bills-cap-20260923-uy-023/05-main.webp,5,Ivory and Cobalt - BUF Emblem Vintage Cap - main,,,,,,,
cap-nfl-chicago-bears-cap-20260923-uy-018,"CHI Crest - Cream, Navy and Gold Cap Study","<p>The eye lands on the bear first. Centered on the front panel, mouth open in a fixed snarl, rendered in navy and burnt orange against a soft cream field — it behaves less like a print and more like a crest.</p><h3>Design Story</h3><p>The composition is built on contrast. Cream crown panels carry a faint repeating pattern of small bear heads, script initials and four-point stars, quiet enough to read as texture rather than noise. Dark navy panels with a scaled, reptilian look run down the sides and across the brim, cut by thin gold outlines that trace every seam line and edge. A small gold plate near the lower left reads CHICAGO, and a gold-toned city skyline rises behind it. Everything supports the badge at the center; nothing competes with it.</p><h3>Product Details</h3><ul><li>Material: Soft, lightweight cotton with a leather patch</li><li>Print: Full custom print</li><li>Fit: Unisex, one size fits most men and women</li><li>Closure: Adjustable buckle strap</li><li>Ventilation: Shaped breathable holes for better air circulation</li><li>Portability: Lightweight and easy to pack for travel</li></ul><h3>Wear &amp; Styling</h3><p>On a vintage soft baseball cap the layout works because the hierarchy is clear. The badge sits where the curve of the front panel faces forward, so the bear stays legible from across a room, while the patterned cream and dark side panels wrap the silhouette without crowding it. Worn low, it reads as a game-day statement accessory; worn casually, the cream tone keeps it easy alongside denim and neutrals.</p><h3>Size &amp; Fit</h3><ul><li>✔ One Size: Fits head circumference 22–23.6"" (56–60 cm), adjustable buckle strap</li></ul><p>Please check your head circumference before ordering.</p><h3>Care</h3><ul><li>Hand wash or machine wash cold with like colors.</li><li>Tumble dry low.</li><li>Do not bleach.</li></ul><p>One city, one emblem, one cap that knows exactly where to look.</p>",Taveris,Arts & Entertainment > Hobbies & Creative Arts > Collectibles > Sports Collectibles > Sports Fan Accessories > Caps,Cap,"Accessories, Cap NFL, Caps, Graphic Cap, New Arrivals, Printed Hat",TRUE,Title,Default Title,,,,,DN-RWAQIYHB6OF7,,,,deny,manual,39.95,44.95,TRUE,TRUE,,https://all-products.taveris.co/products/cap-nfl-chicago-bears-cap-20260923-uy-018/01-main.webp,1,"CHI Crest - Cream, Navy and Gold Cap Study - main",FALSE,Chicago Bears Cap - Bear Head Crest Baseball Cap,,,,active,Cap NFL
cap-nfl-chicago-bears-cap-20260923-uy-018,,,,,,,,,,,,,,,,,,,,,,,,,https://all-products.taveris.co/products/cap-nfl-chicago-bears-cap-20260923-uy-018/02-main.webp,2,"CHI Crest - Cream, Navy and Gold Cap Study - main",,,,,,,
cap-nfl-chicago-bears-cap-20260923-uy-018,,,,,,,,,,,,,,,,,,,,,,,,,https://all-products.taveris.co/products/cap-nfl-chicago-bears-cap-20260923-uy-018/03-main.webp,3,"CHI Crest - Cream, Navy and Gold Cap Study - main",,,,,,,
cap-nfl-chicago-bears-cap-20260923-uy-018,,,,,,,,,,,,,,,,,,,,,,,,,https://all-products.taveris.co/products/cap-nfl-chicago-bears-cap-20260923-uy-018/04-main.webp,4,"CHI Crest - Cream, Navy and Gold Cap Study - main",,,,,,,
cap-nfl-chicago-bears-cap-20260923-uy-018,,,,,,,,,,,,,,,,,,,,,,,,,https://all-products.taveris.co/products/cap-nfl-chicago-bears-cap-20260923-uy-018/05-main.webp,5,"CHI Crest - Cream, Navy and Gold Cap Study - main",,,,,,,
cap-nfl-dallas-cowboys-cap-20260923-uy-025,DAL Star and Gold - Bold Presence on a Vintage Cap,"<p>Some cap graphics shout. This one holds its posture instead — and that restraint is exactly why it lands.</p><h3>Design Story</h3><p>The composition is textbook hierarchy. A deep navy five-point star, ringed in what looks like brilliant-cut stones and a gold outline, owns the front panel as the undisputed focal point. A crown motif sits above it, small enough to read as a flourish rather than a competitor. Beneath, block lettering spells COWBOYS in navy with gold edging, and a rectangular badge on the side panel reads EST. 1960. The cream crown carries faint scrollwork and ghosted stars, so the eye never feels crowded. The contrast engine is simple and effective: warm cream against cold navy, softened by gold piping that traces every seam line. Even the brim continues the story with navy tiling, a jewel-toned stripe and three small stars near the edge.</p><h3>Product Details</h3><ul><li>Material: Soft, lightweight cotton with a leather patch</li><li>Print: Full custom print</li><li>Fit: Unisex, one size fits most men and women</li><li>Closure: Adjustable buckle strap</li><li>Ventilation: Shaped breathable holes for better air circulation</li><li>Portability: Lightweight and easy to pack for travel</li></ul><h3>Wear &amp; Styling</h3><p>On a Vintage Soft Baseball Cap silhouette, the curve of the crown works in the artwork's favour — the star wraps slightly and gains dimension as the panel turns. Front-focused placement keeps the visual anchor centred at eye level, with the brim detailing acting as a second, quieter layer. It reads as a statement accessory but stays wearable with everyday casual and gameday styling alike.</p><h3>Size &amp; Fit</h3><ul><li>✔ One Size: Fits head circumference 22–23.6"" (56–60 cm), adjustable buckle strap</li></ul><p>Please check your head circumference before ordering.</p><h3>Care</h3><ul><li>Hand wash or machine wash cold with like colors.</li><li>Tumble dry low.</li><li>Do not bleach.</li></ul><p>Calm, confident, unmistakably team-proud — a cap that lets the star do the talking.</p>",Taveris,Arts & Entertainment > Hobbies & Creative Arts > Collectibles > Sports Collectibles > Sports Fan Accessories > Caps,Cap,"Accessories, Cap NFL, Caps, Graphic Cap, New Arrivals, Printed Hat",TRUE,Title,Default Title,,,,,DN-Z2BV52MPIMLY,,,,deny,manual,39.95,44.95,TRUE,TRUE,,https://all-products.taveris.co/products/cap-nfl-dallas-cowboys-cap-20260923-uy-025/01-main.webp,1,DAL Star and Gold - Bold Presence on a Vintage Cap - main,FALSE,Cowboys Star Cap - Navy and Gold Vintage Baseball Cap,,,,active,Cap NFL
cap-nfl-dallas-cowboys-cap-20260923-uy-025,,,,,,,,,,,,,,,,,,,,,,,,,https://all-products.taveris.co/products/cap-nfl-dallas-cowboys-cap-20260923-uy-025/02-main.webp,2,DAL Star and Gold - Bold Presence on a Vintage Cap - main,,,,,,,
cap-nfl-dallas-cowboys-cap-20260923-uy-025,,,,,,,,,,,,,,,,,,,,,,,,,https://all-products.taveris.co/products/cap-nfl-dallas-cowboys-cap-20260923-uy-025/03-main.webp,3,DAL Star and Gold - Bold Presence on a Vintage Cap - main,,,,,,,
cap-nfl-dallas-cowboys-cap-20260923-uy-025,,,,,,,,,,,,,,,,,,,,,,,,,https://all-products.taveris.co/products/cap-nfl-dallas-cowboys-cap-20260923-uy-025/04-main.webp,4,DAL Star and Gold - Bold Presence on a Vintage Cap - main,,,,,,,
cap-nfl-dallas-cowboys-cap-20260923-uy-025,,,,,,,,,,,,,,,,,,,,,,,,,https://all-products.taveris.co/products/cap-nfl-dallas-cowboys-cap-20260923-uy-025/05-main.webp,5,DAL Star and Gold - Bold Presence on a Vintage Cap - main,,,,,,,
cap-nfl-dallas-cowboys-cap-20260923-uy-026,"DAL - Star, Crown and the Quiet Architecture of a Front Panel","<p>A cap read as a composition rather than a logo carrier. Cream, navy and warm gold hold a single conversation across a curved surface, and nothing in it shouts.</p><h3>Design Story</h3><p>The five-pointed navy star anchors the right side of the front panel, outlined in gold so the eye finds it before anything else. Script lettering reading DALLAS, with COWBOYS beneath it, runs diagonally into that star, crowned by a small gilded coronet that raises the wordmark without enlarging it. Around them, angular navy brush marks suggest gesture, not motion, breaking the pale ground into diagonals. Smaller gold stars and a rectangular plate marked EST. 1960 sit at the periphery, secondary voices placed to keep the hierarchy clear. Cream negative space does the real work here, letting a dense graphic breathe.</p><h3>Product Details</h3><ul><li>Material: Soft, lightweight cotton with a leather patch</li><li>Print: Full custom print</li><li>Fit: Unisex, one size fits most men and women</li><li>Closure: Adjustable buckle strap</li><li>Ventilation: Shaped breathable holes for better air circulation</li><li>Portability: Lightweight and easy to pack for travel</li></ul><h3>Wear &amp; Styling</h3><p>As a vintage soft baseball cap, the curve of the crown pulls the diagonals forward so the star and script stay legible from the front. Navy panels frame the pale centre, and the brim carries the same striping downward, closing the composition rather than repeating it. Worn, it reads as a considered accessory: confident, team-coded, easy against everyday casual and sporty dressing.</p><h3>Size &amp; Fit</h3><ul><li>✔ One Size: Fits head circumference 22–23.6"" (56–60 cm), adjustable buckle strap</li></ul><p>Please check your head circumference before ordering.</p><h3>Care</h3><ul><li>Hand wash or machine wash cold with like colors.</li><li>Tumble dry low.</li><li>Do not bleach.</li></ul><p>Heritage rendered as graphic structure — a star, a script, and the space between them.</p>",Taveris,Arts & Entertainment > Hobbies & Creative Arts > Collectibles > Sports Collectibles > Sports Fan Accessories > Caps,Cap,"Accessories, Cap NFL, Caps, Graphic Cap, New Arrivals, Printed Hat",TRUE,Title,Default Title,,,,,DN-NTSVUBSZMARI,,,,deny,manual,39.95,44.95,TRUE,TRUE,,https://all-products.taveris.co/products/cap-nfl-dallas-cowboys-cap-20260923-uy-026/01-main.webp,1,"DAL - Star, Crown and the Quiet Architecture of a Front Panel - main",FALSE,Dallas Cowboys Cap - Navy Star Vintage Baseball Cap,,,,active,Cap NFL
cap-nfl-dallas-cowboys-cap-20260923-uy-026,,,,,,,,,,,,,,,,,,,,,,,,,https://all-products.taveris.co/products/cap-nfl-dallas-cowboys-cap-20260923-uy-026/02-main.webp,2,"DAL - Star, Crown and the Quiet Architecture of a Front Panel - main",,,,,,,
cap-nfl-dallas-cowboys-cap-20260923-uy-026,,,,,,,,,,,,,,,,,,,,,,,,,https://all-products.taveris.co/products/cap-nfl-dallas-cowboys-cap-20260923-uy-026/03-main.webp,3,"DAL - Star, Crown and the Quiet Architecture of a Front Panel - main",,,,,,,
cap-nfl-dallas-cowboys-cap-20260923-uy-026,,,,,,,,,,,,,,,,,,,,,,,,,https://all-products.taveris.co/products/cap-nfl-dallas-cowboys-cap-20260923-uy-026/04-main.webp,4,"DAL - Star, Crown and the Quiet Architecture of a Front Panel - main",,,,,,,
cap-nfl-dallas-cowboys-cap-20260923-uy-026,,,,,,,,,,,,,,,,,,,,,,,,,https://all-products.taveris.co/products/cap-nfl-dallas-cowboys-cap-20260923-uy-026/05-main.webp,5,"DAL - Star, Crown and the Quiet Architecture of a Front Panel - main",,,,,,,
cap-nfl-detroit-lions-cap-20260923-uy-021,DET - Motor City Emblem in Blue and Gold,"<p>A cap composed like an object of display rather than a casual graphic. The image is quiet, but every line has been placed with intent.</p><h3>Design Story</h3><p>The composition divides the crown into two tonal fields: a pale silver-grey side panel and deep navy panels rendered with a scaled, reptile-pattern visual texture. Thin gold seam lines trace the panel edges, drawing the eye upward to the crown button and forward along the brim. The visual anchor is the striding lion emblem on the front panel, faceted in cobalt blue and outlined in gold, its mid-stride silhouette suggesting movement without disturbing the stillness of the whole. On the side, a small rectangular plate reading MOTOR CITY / DETROIT over a skyline provides the counterweight — text as a second, smaller focal point that keeps the hierarchy balanced.</p><h3>Product Details</h3><ul><li>Material: Soft, lightweight cotton with a leather patch</li><li>Print: Full custom print</li><li>Fit: Unisex, one size fits most men and women</li><li>Closure: Adjustable buckle strap</li><li>Ventilation: Shaped breathable holes for better air circulation</li><li>Portability: Lightweight and easy to pack for travel</li></ul><h3>Wear &amp; Styling</h3><p>On a vintage soft baseball cap, the curve of the crown lets the emblem wrap slightly, so the lion reads in profile from the side and full-front when worn. The graphic stays front-focused, leaving the rear panels calm. Navy, silver and gold hold together as an everyday statement accessory.</p><h3>Size &amp; Fit</h3><ul><li>✔ One Size: Fits head circumference 22–23.6"" (56–60 cm), adjustable buckle strap</li></ul><p>Please check your head circumference before ordering.</p><h3>Care</h3><ul><li>Hand wash or machine wash cold with like colors.</li><li>Tumble dry low.</li><li>Do not bleach.</li></ul><p>Restraint, scale and a single gold line — the whole design rests on them.</p>",Taveris,Arts & Entertainment > Hobbies & Creative Arts > Collectibles > Sports Collectibles > Sports Fan Accessories > Caps,Cap,"Accessories, Cap NFL, Caps, Graphic Cap, New Arrivals, Printed Hat",TRUE,Title,Default Title,,,,,DN-BXGXKYEM7VUH,,,,deny,manual,39.95,44.95,TRUE,TRUE,,https://all-products.taveris.co/products/cap-nfl-detroit-lions-cap-20260923-uy-021/01-main.webp,1,DET - Motor City Emblem in Blue and Gold - main,FALSE,Detroit Lions Cap - Motor City Blue and Gold Emblem,,,,active,Cap NFL
cap-nfl-detroit-lions-cap-20260923-uy-021,,,,,,,,,,,,,,,,,,,,,,,,,https://all-products.taveris.co/products/cap-nfl-detroit-lions-cap-20260923-uy-021/02-main.webp,2,DET - Motor City Emblem in Blue and Gold - main,,,,,,,
cap-nfl-detroit-lions-cap-20260923-uy-021,,,,,,,,,,,,,,,,,,,,,,,,,https://all-products.taveris.co/products/cap-nfl-detroit-lions-cap-20260923-uy-021/03-main.webp,3,DET - Motor City Emblem in Blue and Gold - main,,,,,,,
cap-nfl-detroit-lions-cap-20260923-uy-021,,,,,,,,,,,,,,,,,,,,,,,,,https://all-products.taveris.co/products/cap-nfl-detroit-lions-cap-20260923-uy-021/04-main.webp,4,DET - Motor City Emblem in Blue and Gold - main,,,,,,,
cap-nfl-green-bay-packers-cap-20260923-uy-022,GB Heritage Crest - A Cream and Green Cap With Quiet Authority,"<p>Some sports caps shout. This one doesn't have to. The whole design is built on restraint, and that's exactly why the crest hits as hard as it does.</p><h3>Design Story</h3><p>The composition splits the crown into cream panels and deep forest green, divided by twin gold-toned stripes that pull the eye forward like guide rails. That's smart hierarchy: the quiet left side sets up the loud right side. The front panel carries the real focal point — a shield-shaped crest with a cream 'G' at its center, wrapped in a gold laurel wreath and topped with a small crown and glinting stones. A 'GREEN BAY' banner reads clean across the top. A small side plaque marked 1919 and Heritage Edition adds a collector's-shelf footnote without stealing attention. The deep green brim anchors everything and keeps the cream crown from floating.</p><h3>Product Details</h3><ul><li>Material: Soft, lightweight cotton with a leather patch</li><li>Print: Full custom print</li><li>Fit: Unisex, one size fits most men and women</li><li>Closure: Adjustable buckle strap</li><li>Ventilation: Shaped breathable holes for better air circulation</li><li>Portability: Lightweight and easy to pack for travel</li></ul><h3>Wear &amp; Styling</h3><p>On the cap silhouette this works because the crest sits where the curve is most visible, so the badge stays legible from the front and in profile. Front-focused graphic, calm panels behind it, vintage soft baseball cap styling — it reads as an everyday statement accessory rather than a costume piece.</p><h3>Size &amp; Fit</h3><ul><li>✔ One Size: Fits head circumference 22–23.6"" (56–60 cm), adjustable buckle strap</li></ul><p>Please check your head circumference before ordering.</p><h3>Care</h3><ul><li>Hand wash or machine wash cold with like colors.</li><li>Tumble dry low.</li><li>Do not bleach.</li></ul><p>Heritage colors, one confident crest, zero noise. That's the whole argument.</p>",Taveris,Arts & Entertainment > Hobbies & Creative Arts > Collectibles > Sports Collectibles > Sports Fan Accessories > Caps,Cap,"Accessories, Cap NFL, Caps, Graphic Cap, New Arrivals, Printed Hat",TRUE,Title,Default Title,,,,,DN-PYMU6PISYBHN,,,,deny,manual,39.95,44.95,TRUE,TRUE,,https://all-products.taveris.co/products/cap-nfl-green-bay-packers-cap-20260923-uy-022/01-main.webp,1,GB Heritage Crest - A Cream and Green Cap With Quiet Authority - main,FALSE,Green Bay Heritage Crest Cap - Cream and Green Baseball Cap,,,,active,Cap NFL
cap-nfl-green-bay-packers-cap-20260923-uy-022,,,,,,,,,,,,,,,,,,,,,,,,,https://all-products.taveris.co/products/cap-nfl-green-bay-packers-cap-20260923-uy-022/02-main.webp,2,GB Heritage Crest - A Cream and Green Cap With Quiet Authority - main,,,,,,,
cap-nfl-green-bay-packers-cap-20260923-uy-022,,,,,,,,,,,,,,,,,,,,,,,,,https://all-products.taveris.co/products/cap-nfl-green-bay-packers-cap-20260923-uy-022/03-main.webp,3,GB Heritage Crest - A Cream and Green Cap With Quiet Authority - main,,,,,,,
cap-nfl-green-bay-packers-cap-20260923-uy-022,,,,,,,,,,,,,,,,,,,,,,,,,https://all-products.taveris.co/products/cap-nfl-green-bay-packers-cap-20260923-uy-022/04-main.webp,4,GB Heritage Crest - A Cream and Green Cap With Quiet Authority - main,,,,,,,
cap-nfl-green-bay-packers-cap-20260923-uy-022,,,,,,,,,,,,,,,,,,,,,,,,,https://all-products.taveris.co/products/cap-nfl-green-bay-packers-cap-20260923-uy-022/05-main.webp,5,GB Heritage Crest - A Cream and Green Cap With Quiet Authority - main,,,,,,,
cap-nfl-kansas-city-chiefs-cap-20260923-uy-024,"KC Crown Standard - Ivory, Crimson and Gold Presence","<p>Some caps shout. This one composes itself. Photographed on a marble surface with a stadium glowing behind it, the design reads less like team merchandise and more like a display piece that happens to be headwear.</p><h3>Design Story</h3><p>The eye lands first on the front panel: a red arrowhead carrying the KC monogram, outlined in gold and ringed with tiny jewel-like dots, with a small crown resting above it. Beneath that, CHIEFS sits in serif capitals flanked by stars, and a slim gold plaque on the side panel reads EST. 1960. The color logic is simple and confident — ivory across the crown and brim, deep crimson panels with a tiled, glossy look, gold piping tracing every seam. Warm light does the rest, letting the crimson deepen and the gold catch. It is a still, ornamental composition built on contrast rather than movement.</p><h3>Product Details</h3><ul><li>Material: Soft, lightweight cotton with a leather patch</li><li>Print: Full custom print</li><li>Fit: Unisex, one size fits most men and women</li><li>Closure: Adjustable buckle strap</li><li>Ventilation: Shaped breathable holes for better air circulation</li><li>Portability: Lightweight and easy to pack for travel</li></ul><h3>Wear &amp; Styling</h3><p>As a vintage soft baseball cap, the shape keeps everything readable. The arrowhead becomes the visual anchor on the front panel, scaled to curve with the crown instead of fighting it, while the crimson side panels and gold lines carry the design around the silhouette. Worn low and casual, it reads as a statement accessory with an old-school, heraldic character.</p><h3>Size &amp; Fit</h3><ul><li>✔ One Size: Fits head circumference 22–23.6"" (56–60 cm), adjustable buckle strap</li></ul><p>Please check your head circumference before ordering.</p><h3>Care</h3><ul><li>Hand wash or machine wash cold with like colors.</li><li>Tumble dry low.</li><li>Do not bleach.</li></ul><p>Team identity, arranged with the patience of a showcase piece.</p>",Taveris,Arts & Entertainment > Hobbies & Creative Arts > Collectibles > Sports Collectibles > Sports Fan Accessories > Caps,Cap,"Accessories, Cap NFL, Caps, Graphic Cap, New Arrivals, Printed Hat",TRUE,Title,Default Title,,,,,DN-TXKHEXACSISK,,,,deny,manual,39.95,44.95,TRUE,TRUE,,https://all-products.taveris.co/products/cap-nfl-kansas-city-chiefs-cap-20260923-uy-024/01-main.webp,1,"KC Crown Standard - Ivory, Crimson and Gold Presence - main",FALSE,KC Chiefs Cap - Ivory Crimson Gold Arrowhead Design,,,,active,Cap NFL
cap-nfl-kansas-city-chiefs-cap-20260923-uy-024,,,,,,,,,,,,,,,,,,,,,,,,,https://all-products.taveris.co/products/cap-nfl-kansas-city-chiefs-cap-20260923-uy-024/02-main.webp,2,"KC Crown Standard - Ivory, Crimson and Gold Presence - main",,,,,,,
cap-nfl-kansas-city-chiefs-cap-20260923-uy-024,,,,,,,,,,,,,,,,,,,,,,,,,https://all-products.taveris.co/products/cap-nfl-kansas-city-chiefs-cap-20260923-uy-024/03-main.webp,3,"KC Crown Standard - Ivory, Crimson and Gold Presence - main",,,,,,,
cap-nfl-kansas-city-chiefs-cap-20260923-uy-024,,,,,,,,,,,,,,,,,,,,,,,,,https://all-products.taveris.co/products/cap-nfl-kansas-city-chiefs-cap-20260923-uy-024/04-main.webp,4,"KC Crown Standard - Ivory, Crimson and Gold Presence - main",,,,,,,
cap-nfl-kansas-city-chiefs-cap-20260923-uy-024,,,,,,,,,,,,,,,,,,,,,,,,,https://all-products.taveris.co/products/cap-nfl-kansas-city-chiefs-cap-20260923-uy-024/05-main.webp,5,"KC Crown Standard - Ivory, Crimson and Gold Presence - main",,,,,,,
cap-nfl-las-vegas-raiders-cap-20260923-uy-020,"LV Heritage - Gold Laurel, Obsidian Shield, Cream Restraint","<p>Some designs shout. This one composes. A cream crown, a black brim and a single gold-toned emblem arranged with the patience of a commemorative object rather than a sports graphic.</p><h3>Design Story</h3><p>The front panel carries the visual anchor: a dark shield holding a helmeted figure and crossed blades, framed by laurel branches that curve outward to echo the cap's own dome. Above it, a crown; below it, a banner reading LAS VEGAS and a small plate marked 1960 Heritage Series. The hierarchy is deliberate — crown, shield, banner, date — read top to bottom like an inscription. Pale scrollwork across the cream panels stays quiet so the gold-toned line work can hold attention, while the near-black brim and side panel supply the contrast that keeps the composition from floating. A small secondary badge on the side repeats the shield motif at reduced scale, a restrained echo rather than a repetition.</p><h3>Product Details</h3><ul><li>Material: Soft, lightweight cotton with a leather patch</li><li>Print: Full custom print</li><li>Fit: Unisex, one size fits most men and women</li><li>Closure: Adjustable buckle strap</li><li>Ventilation: Shaped breathable holes for better air circulation</li><li>Portability: Lightweight and easy to pack for travel</li></ul><h3>Wear &amp; Styling</h3><p>On a Vintage Soft Baseball Cap the artwork reads as front-focused: the emblem sits where the curve is most visible, so the laurel wings wrap gently with the panel instead of fighting it. The cream-and-dark split gives the silhouette a clear horizon line, and the graphic scale stays legible at a distance without overwhelming the crown.</p><h3>Size &amp; Fit</h3><ul><li>✔ One Size: Fits head circumference 22–23.6"" (56–60 cm), adjustable buckle strap</li></ul><p>Please check your head circumference before ordering.</p><h3>Care</h3><ul><li>Hand wash or machine wash cold with like colors.</li><li>Tumble dry low.</li><li>Do not bleach.</li></ul><p>An emblem that treats a cap as a surface for ceremony, not noise.</p>",Taveris,Arts & Entertainment > Hobbies & Creative Arts > Collectibles > Sports Collectibles > Sports Fan Accessories > Caps,Cap,"Accessories, Cap NFL, Caps, Graphic Cap, New Arrivals, Printed Hat",TRUE,Title,Default Title,,,,,DN-FJBVGQUZTZW6,,,,deny,manual,39.95,44.95,TRUE,TRUE,,https://all-products.taveris.co/products/cap-nfl-las-vegas-raiders-cap-20260923-uy-020/01-main.webp,1,"LV Heritage - Gold Laurel, Obsidian Shield, Cream Restraint - main",FALSE,Las Vegas Raiders Cap - Gold Shield Heritage Baseball Cap,,,,active,Cap NFL
cap-nfl-las-vegas-raiders-cap-20260923-uy-020,,,,,,,,,,,,,,,,,,,,,,,,,https://all-products.taveris.co/products/cap-nfl-las-vegas-raiders-cap-20260923-uy-020/02-main.webp,2,"LV Heritage - Gold Laurel, Obsidian Shield, Cream Restraint - main",,,,,,,
cap-nfl-las-vegas-raiders-cap-20260923-uy-020,,,,,,,,,,,,,,,,,,,,,,,,,https://all-products.taveris.co/products/cap-nfl-las-vegas-raiders-cap-20260923-uy-020/03-main.webp,3,"LV Heritage - Gold Laurel, Obsidian Shield, Cream Restraint - main",,,,,,,
cap-nfl-las-vegas-raiders-cap-20260923-uy-020,,,,,,,,,,,,,,,,,,,,,,,,,https://all-products.taveris.co/products/cap-nfl-las-vegas-raiders-cap-20260923-uy-020/04-main.webp,4,"LV Heritage - Gold Laurel, Obsidian Shield, Cream Restraint - main",,,,,,,
cap-nfl-las-vegas-raiders-cap-20260923-uy-020,,,,,,,,,,,,,,,,,,,,,,,,,https://all-products.taveris.co/products/cap-nfl-las-vegas-raiders-cap-20260923-uy-020/05-main.webp,5,"LV Heritage - Gold Laurel, Obsidian Shield, Cream Restraint - main",,,,,,,
cap-nfl-philadelphia-eagles-cap-20260923-uy-016,"PHI Crest Study - Ivory Crown, Emerald Brim Cap","<p>A cap built around a single, unhurried focal point: a heraldic crest resting on a quiet ivory crown. Nothing here moves. Everything here holds.</p><h3>Design Story</h3><p>The composition is classic front-panel hierarchy. A deep green shield carries the eagle head profile in white and silver, framed by laurel branches and topped with a crown motif rendered in warm gold. Beneath it, a ribbon reads PHILADELPHIA, with a small plate marked 1933 anchoring the base. The palette is disciplined — cream, forest green, gold — with the darkest value pushed to the brim so the eye travels downward in a clean arc. Quilted diamond lines and fleur-de-lis figures on the side panels stay tonal, functioning as texture rather than competing graphics. That restraint is what makes the crest read as a badge instead of a print.</p><h3>Product Details</h3><ul><li>Material: Soft, lightweight cotton with a leather patch</li><li>Print: Full custom print</li><li>Fit: Unisex, one size fits most men and women</li><li>Closure: Adjustable buckle strap</li><li>Ventilation: Shaped breathable holes for better air circulation</li><li>Portability: Lightweight and easy to pack for travel</li></ul><h3>Wear &amp; Styling</h3><p>On the cap silhouette, the crest sits high and centred on the front panel, scaled to curve without distortion, while the green brim acts as a grounding base note against the pale crown. Gold piping traces the panel seams and continues along the visor edge, tying crown and brim into one object. As a Vintage Soft Baseball Cap, it reads relaxed rather than formal — a statement accessory that still styles easily with denim, knitwear or a plain tee.</p><h3>Size &amp; Fit</h3><ul><li>✔ One Size: Fits head circumference 22–23.6"" (56–60 cm), adjustable buckle strap</li></ul><p>Please check your head circumference before ordering.</p><h3>Care</h3><ul><li>Hand wash or machine wash cold with like colors.</li><li>Tumble dry low.</li><li>Do not bleach.</li></ul><p>Heritage codes, contemporary proportion — quiet everyday headwear with real presence.</p>",Taveris,Arts & Entertainment > Hobbies & Creative Arts > Collectibles > Sports Collectibles > Sports Fan Accessories > Caps,Cap,"Accessories, Cap NFL, Caps, Graphic Cap, New Arrivals, Printed Hat",TRUE,Title,Default Title,,,,,DN-QSWNTRUSM3HJ,,,,deny,manual,39.95,44.95,TRUE,TRUE,,https://all-products.taveris.co/products/cap-nfl-philadelphia-eagles-cap-20260923-uy-016/01-main.webp,1,"PHI Crest Study - Ivory Crown, Emerald Brim Cap - main",FALSE,Philadelphia Eagles Crest Baseball Cap - Ivory and Green,,,,active,Cap NFL
cap-nfl-philadelphia-eagles-cap-20260923-uy-016,,,,,,,,,,,,,,,,,,,,,,,,,https://all-products.taveris.co/products/cap-nfl-philadelphia-eagles-cap-20260923-uy-016/02-main.webp,2,"PHI Crest Study - Ivory Crown, Emerald Brim Cap - main",,,,,,,
cap-nfl-philadelphia-eagles-cap-20260923-uy-016,,,,,,,,,,,,,,,,,,,,,,,,,https://all-products.taveris.co/products/cap-nfl-philadelphia-eagles-cap-20260923-uy-016/03-main.webp,3,"PHI Crest Study - Ivory Crown, Emerald Brim Cap - main",,,,,,,
cap-nfl-philadelphia-eagles-cap-20260923-uy-016,,,,,,,,,,,,,,,,,,,,,,,,,https://all-products.taveris.co/products/cap-nfl-philadelphia-eagles-cap-20260923-uy-016/04-main.webp,4,"PHI Crest Study - Ivory Crown, Emerald Brim Cap - main",,,,,,,
cap-nfl-philadelphia-eagles-cap-20260923-uy-016,,,,,,,,,,,,,,,,,,,,,,,,,https://all-products.taveris.co/products/cap-nfl-philadelphia-eagles-cap-20260923-uy-016/05-main.webp,5,"PHI Crest Study - Ivory Crown, Emerald Brim Cap - main",,,,,,,
cap-nfl-pittsburgh-steelers-cap-20260923-uy-017,"PIT Gold Standard - Cream, Black and Three Stars","<p>Most team caps shout. This one whispers and still wins the room. A cream crown, a gold trim line, and a single circular emblem sitting exactly where your eye lands first.</p><h3>Design Story</h3><p>The composition works because it is disciplined. Cream panels carry a soft tonal repeat of ""Steelers"" wordmarks and four-point stars, quiet enough to read as texture rather than noise. Against that, glossy black croc-look panels run the side and the brim stripe, giving the layout hard contrast without clutter. The front badge is the anchor: a gold-rimmed ring set with clear faceted accents, a white center, and the three hypocycloid stars in gold, red and blue. A small gold plate near the side panel reads EST. 1933, and a city skyline with a bridge motif sits below it. Warm metallic edging ties the crown seam, brim rim and eyelets into one continuous line. Elegance, not aggression.</p><h3>Product Details</h3><ul><li>Material: Soft, lightweight cotton with a leather patch</li><li>Print: Full custom print</li><li>Fit: Unisex, one size fits most men and women</li><li>Closure: Adjustable buckle strap</li><li>Ventilation: Shaped breathable holes for better air circulation</li><li>Portability: Lightweight and easy to pack for travel</li></ul><h3>Wear &amp; Styling</h3><p>On a Vintage Soft Baseball Cap silhouette, the curve of the crown actually helps here. The badge stays centered and legible on the front panel, the dark side panels visually narrow the profile, and the black-and-gold brim trim gives the whole thing a defined edge. Front-focused hierarchy, all-over subtlety underneath. It styles like a dressed-up gameday piece rather than a plain sports cap.</p><h3>Size &amp; Fit</h3><ul><li>✔ One Size: Fits head circumference 22–23.6"" (56–60 cm), adjustable buckle strap</li></ul><p>Please check your head circumference before ordering.</p><h3>Care</h3><ul><li>Hand wash or machine wash cold with like colors.</li><li>Tumble dry low.</li><li>Do not bleach.</li></ul><p>Gold trim, quiet pattern, one unmistakable emblem. That is how restraint makes a statement.</p>",Taveris,Arts & Entertainment > Hobbies & Creative Arts > Collectibles > Sports Collectibles > Sports Fan Accessories > Caps,Cap,"Accessories, Cap NFL, Caps, Graphic Cap, New Arrivals, Printed Hat",TRUE,Title,Default Title,,,,,DN-4LZ73ZOIKMIE,,,,deny,manual,39.95,44.95,TRUE,TRUE,,https://all-products.taveris.co/products/cap-nfl-pittsburgh-steelers-cap-20260923-uy-017/01-main.webp,1,"PIT Gold Standard - Cream, Black and Three Stars - main",FALSE,Steelers Cap - Cream Gold Hypocycloid Baseball Cap,,,,active,Cap NFL
cap-nfl-pittsburgh-steelers-cap-20260923-uy-017,,,,,,,,,,,,,,,,,,,,,,,,,https://all-products.taveris.co/products/cap-nfl-pittsburgh-steelers-cap-20260923-uy-017/02-main.webp,2,"PIT Gold Standard - Cream, Black and Three Stars - main",,,,,,,
cap-nfl-pittsburgh-steelers-cap-20260923-uy-017,,,,,,,,,,,,,,,,,,,,,,,,,https://all-products.taveris.co/products/cap-nfl-pittsburgh-steelers-cap-20260923-uy-017/03-main.webp,3,"PIT Gold Standard - Cream, Black and Three Stars - main",,,,,,,
cap-nfl-pittsburgh-steelers-cap-20260923-uy-017,,,,,,,,,,,,,,,,,,,,,,,,,https://all-products.taveris.co/products/cap-nfl-pittsburgh-steelers-cap-20260923-uy-017/04-main.webp,4,"PIT Gold Standard - Cream, Black and Three Stars - main",,,,,,,
cap-nfl-pittsburgh-steelers-cap-20260923-uy-017,,,,,,,,,,,,,,,,,,,,,,,,,https://all-products.taveris.co/products/cap-nfl-pittsburgh-steelers-cap-20260923-uy-017/05-main.webp,5,"PIT Gold Standard - Cream, Black and Three Stars - main",,,,,,,
cap-nfl-san-francisco-49ers-cap-20260923-uy-019,SF Est. 1946 - Red and Gold Heritage Cap,"<p>A cap built around one decisive idea: scarlet, black and gold held in strict hierarchy across a curved crown. Nothing drifts. Everything points forward.</p><h3>Design Story</h3><p>The front panel carries a large brushed ""49ERS"" wordmark in warm gold, set at a slight upward angle so the lettering follows the natural rise of the crown instead of fighting it. Beneath it, an oval SF emblem sits low and right as a secondary anchor, balancing the weight of the type. Side panels shift into a darker quilted-looking block with a small SF monogram and an EST. 1946 plate, giving the composition a vintage character without softening the contrast. Red pebbled texture, black diagonal slashes and gold piping create visual rhythm that continues down onto the brim, so the graphic reads as an all-over treatment rather than a front-only print.</p><h3>Product Details</h3><ul><li>Material: Soft, lightweight cotton with a leather patch</li><li>Print: Full custom print</li><li>Fit: Unisex, one size fits most men and women</li><li>Closure: Adjustable buckle strap</li><li>Ventilation: Shaped breathable holes for better air circulation</li><li>Portability: Lightweight and easy to pack for travel</li></ul><h3>Wear &amp; Styling</h3><p>On a vintage soft baseball cap, the curved surface flatters this scale: the wordmark stays legible from the front, while the side detailing rewards a closer look. The gold-to-black tonal contrast keeps it sharp against denim, grey fleece or plain black outerwear — sporty, but composed enough to wear off the field.</p><h3>Size &amp; Fit</h3><ul><li>✔ One Size: Fits head circumference 22–23.6"" (56–60 cm), adjustable buckle strap</li></ul><p>Please check your head circumference before ordering.</p><h3>Care</h3><ul><li>Hand wash or machine wash cold with like colors.</li><li>Tumble dry low.</li><li>Do not bleach.</li></ul><p>Team colors, edited down to structure, contrast and confidence.</p>",Taveris,Arts & Entertainment > Hobbies & Creative Arts > Collectibles > Sports Collectibles > Sports Fan Accessories > Caps,Cap,"Accessories, Cap NFL, Caps, Graphic Cap, New Arrivals, Printed Hat",TRUE,Title,Default Title,,,,,DN-OHUPAWLXG37O,,,,deny,manual,39.95,44.95,TRUE,TRUE,,https://all-products.taveris.co/products/cap-nfl-san-francisco-49ers-cap-20260923-uy-019/01-main.webp,1,SF Est. 1946 - Red and Gold Heritage Cap - main,FALSE,SF 49ers Cap - Red and Gold Team Graphic Baseball Cap,,,,active,Cap NFL
cap-nfl-san-francisco-49ers-cap-20260923-uy-019,,,,,,,,,,,,,,,,,,,,,,,,,https://all-products.taveris.co/products/cap-nfl-san-francisco-49ers-cap-20260923-uy-019/02-main.webp,2,SF Est. 1946 - Red and Gold Heritage Cap - main,,,,,,,
cap-nfl-san-francisco-49ers-cap-20260923-uy-019,,,,,,,,,,,,,,,,,,,,,,,,,https://all-products.taveris.co/products/cap-nfl-san-francisco-49ers-cap-20260923-uy-019/03-main.webp,3,SF Est. 1946 - Red and Gold Heritage Cap - main,,,,,,,
cap-nfl-san-francisco-49ers-cap-20260923-uy-019,,,,,,,,,,,,,,,,,,,,,,,,,https://all-products.taveris.co/products/cap-nfl-san-francisco-49ers-cap-20260923-uy-019/04-main.webp,4,SF Est. 1946 - Red and Gold Heritage Cap - main,,,,,,,
cap-nfl-san-francisco-49ers-cap-20260923-uy-019,,,,,,,,,,,,,,,,,,,,,,,,,https://all-products.taveris.co/products/cap-nfl-san-francisco-49ers-cap-20260923-uy-019/05-main.webp,5,SF Est. 1946 - Red and Gold Heritage Cap - main,,,,,,,
shoes-nfl-philadelphia-eagles-snk-20260923-xi-010,"PHI Crest - Emerald, Cream and Gold Running Shoes","<p>A low-top silhouette built around restraint and one very deliberate focal point. Cream holds the centre, emerald frames the edges, gold does the talking.</p><h3>Design Story</h3><p>The winged eagle head sits at the midfoot, scaled large enough to own the side panel without spilling onto the toe box. Around it, a crocodile-textured green wraps the toe, collar and heel, creating a bracketed composition that pushes the eye back to the crest. Thin metallic gold piping traces the panel seams and repeats in the eyelets, giving the upper a visual rhythm rather than a scatter of accents. Readable gold lettering across the heel closes the design with quiet authority. Tonal contrast is the whole strategy here: pale upper, deep green framing, warm metallic line work.</p><h3>Product Details</h3><ul><li>Upper: Lightweight, breathable mesh that is easy to clean and quick-drying</li><li>Outsole: White MD sole with rubber coverage on high-impact zones for less weight and better wear</li><li>Print: All-over personalized digital print</li><li>Closure: Lace-up for an adjustable fit</li><li>Fit: Unisex, true to size (EU 36–48)</li><li>Great for: Everyday wear, walking, running, workouts, gym, travel, and outdoor activities</li></ul><h3>Wear &amp; Styling</h3><p>On this unisex running shoe silhouette, the artwork reads cleanly across curved panels — crest on the lateral side, colour blocking at the toe and heel, cream laces and tongue keeping the centre calm so the graphic stays the anchor. The white sole cuts a clean horizontal line beneath all that green, lifting the upper and keeping the pair sharp with denim, joggers or shorts.</p><h3>Size Guide</h3><p>Size guide (EU size, US conversion, insole length):</p><ul><li>✔ EU 36: US Women 5.5 / US Men 3.5, insole length 23.6 cm (9.3"")</li><li>✔ EU 37: US Women 6.5 / US Men 4.5, insole length 24.2 cm (9.5"")</li><li>✔ EU 38: US Women 7 / US Men 5, insole length 24.8 cm (9.8"")</li><li>✔ EU 39: US Women 8 / US Men 6, insole length 25.4 cm (10.0"")</li><li>✔ EU 40: US Women 8.5 / US Men 7, insole length 26 cm (10.2"")</li><li>✔ EU 41: US Women 9 / US Men 7.5, insole length 26.6 cm (10.5"")</li><li>✔ EU 42: US Women 10 / US Men 8.5, insole length 27.3 cm (10.7"")</li><li>✔ EU 43: US Women 11 / US Men 9.5, insole length 27.9 cm (11.0"")</li><li>✔ EU 44: US Women 11.5 / US Men 10, insole length 28.5 cm (11.2"")</li><li>✔ EU 45: US Women 13 / US Men 11, insole length 29.3 cm (11.5"")</li><li>✔ EU 46: US Men 11.5, insole length 29.9 cm (11.8"")</li><li>✔ EU 47: US Men 12, insole length 30.5 cm (12.0"")</li><li>✔ EU 48: US Men 13, insole length 31.2 cm (12.3"")</li></ul><p>Sizes run true to size. Please measure your foot length and compare it with the insole length before ordering.</p><h3>Care</h3><ul><li>Brush off excess dirt with a shoe cleaning brush.</li><li>Air dry in a cool place.</li></ul><p>Team colours, styled like a design object rather than a uniform.</p>",Taveris,Apparel & Accessories > Shoes,Shoes,"Footwear, Graphic Sneakers, New Arrivals, Printed Shoes, Shoes, Shoes NFL, Sneakers",TRUE,Size,EU 36,,,,,DN-HSONE7KQRJQC-EU36,,,,deny,manual,89.95,109.95,TRUE,TRUE,,https://all-products.taveris.co/products/shoes-nfl-philadelphia-eagles-snk-20260923-xi-010/01-main.webp,1,"PHI Crest - Emerald, Cream and Gold Running Shoes - main",FALSE,Philadelphia Eagles Running Shoes - Green Gold Sneakers,,,,active,Shoes NFL
shoes-nfl-philadelphia-eagles-snk-20260923-xi-010,,,,,,,,Option1,EU 37,,,,,DN-HSONE7KQRJQC-EU37,,,,deny,manual,89.95,109.95,TRUE,TRUE,,https://all-products.taveris.co/products/shoes-nfl-philadelphia-eagles-snk-20260923-xi-010/02-main.webp,2,"PHI Crest - Emerald, Cream and Gold Running Shoes - main",,,,,,,
shoes-nfl-philadelphia-eagles-snk-20260923-xi-010,,,,,,,,Option1,EU 38,,,,,DN-HSONE7KQRJQC-EU38,,,,deny,manual,89.95,109.95,TRUE,TRUE,,https://all-products.taveris.co/products/shoes-nfl-philadelphia-eagles-snk-20260923-xi-010/03-main.webp,3,"PHI Crest - Emerald, Cream and Gold Running Shoes - main",,,,,,,
shoes-nfl-philadelphia-eagles-snk-20260923-xi-010,,,,,,,,Option1,EU 39,,,,,DN-HSONE7KQRJQC-EU39,,,,deny,manual,89.95,109.95,TRUE,TRUE,,https://all-products.taveris.co/products/shoes-nfl-philadelphia-eagles-snk-20260923-xi-010/04-main.webp,4,"PHI Crest - Emerald, Cream and Gold Running Shoes - main",,,,,,,
shoes-nfl-philadelphia-eagles-snk-20260923-xi-010,,,,,,,,Option1,EU 40,,,,,DN-HSONE7KQRJQC-EU40,,,,deny,manual,89.95,109.95,TRUE,TRUE,,https://all-products.taveris.co/products/shoes-nfl-philadelphia-eagles-snk-20260923-xi-010/05-main.webp,5,"PHI Crest - Emerald, Cream and Gold Running Shoes - main",,,,,,,
shoes-nfl-philadelphia-eagles-snk-20260923-xi-010,,,,,,,,Option1,EU 41,,,,,DN-HSONE7KQRJQC-EU41,,,,deny,manual,89.95,109.95,TRUE,TRUE,,,,,,,,,,,
shoes-nfl-philadelphia-eagles-snk-20260923-xi-010,,,,,,,,Option1,EU 42,,,,,DN-HSONE7KQRJQC-EU42,,,,deny,manual,89.95,109.95,TRUE,TRUE,,,,,,,,,,,
shoes-nfl-philadelphia-eagles-snk-20260923-xi-010,,,,,,,,Option1,EU 43,,,,,DN-HSONE7KQRJQC-EU43,,,,deny,manual,89.95,109.95,TRUE,TRUE,,,,,,,,,,,
shoes-nfl-philadelphia-eagles-snk-20260923-xi-010,,,,,,,,Option1,EU 44,,,,,DN-HSONE7KQRJQC-EU44,,,,deny,manual,89.95,109.95,TRUE,TRUE,,,,,,,,,,,
shoes-nfl-philadelphia-eagles-snk-20260923-xi-010,,,,,,,,Option1,EU 45,,,,,DN-HSONE7KQRJQC-EU45,,,,deny,manual,89.95,109.95,TRUE,TRUE,,,,,,,,,,,
shoes-nfl-philadelphia-eagles-snk-20260923-xi-010,,,,,,,,Option1,EU 46,,,,,DN-HSONE7KQRJQC-EU46,,,,deny,manual,89.95,109.95,TRUE,TRUE,,,,,,,,,,,
shoes-nfl-philadelphia-eagles-snk-20260923-xi-010,,,,,,,,Option1,EU 47,,,,,DN-HSONE7KQRJQC-EU47,,,,deny,manual,89.95,109.95,TRUE,TRUE,,,,,,,,,,,
shoes-nfl-philadelphia-eagles-snk-20260923-xi-010,,,,,,,,Option1,EU 48,,,,,DN-HSONE7KQRJQC-EU48,,,,deny,manual,89.95,109.95,TRUE,TRUE,,,,,,,,,,,
shoes-nfl-pittsburgh-steelers-snk-20260923-xi-011,"PIT - Three Stars, Gold Line and White Sole Restraint","<p>A low sneaker silhouette photographed at rest, held in warm gold light. Nothing moves. The composition asks only that you look, and the design rewards that patience with structure rather than noise.</p><h3>Design Story</h3><p>The visual anchor is a circular emblem set on the side panel: three four-pointed stars in yellow, red and blue beside the word Steelers, framed in a clean white disc. That circle is the calm centre of the design, and everything else radiates outward from it in angled facets — quilted panels of the same yellow, red and blue running toward the heel, each outlined in a thin gold line. Black appears sparingly at the collar, tongue and toe, with Steelers lettering in gold along the foxing and Pittsburgh set in a small gold plate near the heel. The white ground gives the colour room to breathe; the gold contours act as drawn lines rather than ornament, organizing curve, seam and panel into a single readable graphic hierarchy.</p><h3>Product Details</h3><ul><li>Upper: Lightweight, breathable mesh that is easy to clean and quick-drying</li><li>Outsole: White MD sole with rubber coverage on high-impact zones for less weight and better wear</li><li>Print: All-over personalized digital print</li><li>Closure: Lace-up for an adjustable fit</li><li>Fit: Unisex, true to size (EU 36–48)</li><li>Great for: Everyday wear, walking, running, workouts, gym, travel, and outdoor activities</li></ul><h3>Wear &amp; Styling</h3><p>On this unisex running shoe, the artwork adapts to a curved, paneled surface: the emblem sits large on the side panel where the eye lands first, the faceted colour blocks compress as they wrap toward the heel, and the toe box stays quiet. The white sole reads as a base line under all that colour, a horizontal pause that keeps the upper from feeling crowded. Laces and tongue carry the contrast forward without competing for attention.</p><h3>Size Guide</h3><p>Size guide (EU size, US conversion, insole length):</p><ul><li>✔ EU 36: US Women 5.5 / US Men 3.5, insole length 23.6 cm (9.3"")</li><li>✔ EU 37: US Women 6.5 / US Men 4.5, insole length 24.2 cm (9.5"")</li><li>✔ EU 38: US Women 7 / US Men 5, insole length 24.8 cm (9.8"")</li><li>✔ EU 39: US Women 8 / US Men 6, insole length 25.4 cm (10.0"")</li><li>✔ EU 40: US Women 8.5 / US Men 7, insole length 26 cm (10.2"")</li><li>✔ EU 41: US Women 9 / US Men 7.5, insole length 26.6 cm (10.5"")</li><li>✔ EU 42: US Women 10 / US Men 8.5, insole length 27.3 cm (10.7"")</li><li>✔ EU 43: US Women 11 / US Men 9.5, insole length 27.9 cm (11.0"")</li><li>✔ EU 44: US Women 11.5 / US Men 10, insole length 28.5 cm (11.2"")</li><li>✔ EU 45: US Women 13 / US Men 11, insole length 29.3 cm (11.5"")</li><li>✔ EU 46: US Men 11.5, insole length 29.9 cm (11.8"")</li><li>✔ EU 47: US Men 12, insole length 30.5 cm (12.0"")</li><li>✔ EU 48: US Men 13, insole length 31.2 cm (12.3"")</li></ul><p>Sizes run true to size. Please measure your foot length and compare it with the insole length before ordering.</p><h3>Care</h3><ul><li>Brush off excess dirt with a shoe cleaning brush.</li><li>Air dry in a cool place.</li></ul><p>Emblem, line and negative space — a team identity composed rather than shouted.</p>",Taveris,Apparel & Accessories > Shoes,Shoes,"Footwear, Graphic Sneakers, New Arrivals, Printed Shoes, Shoes, Shoes NFL, Sneakers",TRUE,Size,EU 36,,,,,DN-TONWPAQTHS7W-EU36,,,,deny,manual,89.95,109.95,TRUE,TRUE,,https://all-products.taveris.co/products/shoes-nfl-pittsburgh-steelers-snk-20260923-xi-011/01-main.webp,1,"PIT - Three Stars, Gold Line and White Sole Restraint - main",FALSE,Steelers Running Shoes - Gold Team Logo Sneakers,,,,active,Shoes NFL
shoes-nfl-pittsburgh-steelers-snk-20260923-xi-011,,,,,,,,Option1,EU 37,,,,,DN-TONWPAQTHS7W-EU37,,,,deny,manual,89.95,109.95,TRUE,TRUE,,https://all-products.taveris.co/products/shoes-nfl-pittsburgh-steelers-snk-20260923-xi-011/02-main.webp,2,"PIT - Three Stars, Gold Line and White Sole Restraint - main",,,,,,,
shoes-nfl-pittsburgh-steelers-snk-20260923-xi-011,,,,,,,,Option1,EU 38,,,,,DN-TONWPAQTHS7W-EU38,,,,deny,manual,89.95,109.95,TRUE,TRUE,,https://all-products.taveris.co/products/shoes-nfl-pittsburgh-steelers-snk-20260923-xi-011/03-main.webp,3,"PIT - Three Stars, Gold Line and White Sole Restraint - main",,,,,,,
shoes-nfl-pittsburgh-steelers-snk-20260923-xi-011,,,,,,,,Option1,EU 39,,,,,DN-TONWPAQTHS7W-EU39,,,,deny,manual,89.95,109.95,TRUE,TRUE,,https://all-products.taveris.co/products/shoes-nfl-pittsburgh-steelers-snk-20260923-xi-011/04-main.webp,4,"PIT - Three Stars, Gold Line and White Sole Restraint - main",,,,,,,
shoes-nfl-pittsburgh-steelers-snk-20260923-xi-011,,,,,,,,Option1,EU 40,,,,,DN-TONWPAQTHS7W-EU40,,,,deny,manual,89.95,109.95,TRUE,TRUE,,https://all-products.taveris.co/products/shoes-nfl-pittsburgh-steelers-snk-20260923-xi-011/05-main.webp,5,"PIT - Three Stars, Gold Line and White Sole Restraint - main",,,,,,,
shoes-nfl-pittsburgh-steelers-snk-20260923-xi-011,,,,,,,,Option1,EU 41,,,,,DN-TONWPAQTHS7W-EU41,,,,deny,manual,89.95,109.95,TRUE,TRUE,,,,,,,,,,,
shoes-nfl-pittsburgh-steelers-snk-20260923-xi-011,,,,,,,,Option1,EU 42,,,,,DN-TONWPAQTHS7W-EU42,,,,deny,manual,89.95,109.95,TRUE,TRUE,,,,,,,,,,,
shoes-nfl-pittsburgh-steelers-snk-20260923-xi-011,,,,,,,,Option1,EU 43,,,,,DN-TONWPAQTHS7W-EU43,,,,deny,manual,89.95,109.95,TRUE,TRUE,,,,,,,,,,,
shoes-nfl-pittsburgh-steelers-snk-20260923-xi-011,,,,,,,,Option1,EU 44,,,,,DN-TONWPAQTHS7W-EU44,,,,deny,manual,89.95,109.95,TRUE,TRUE,,,,,,,,,,,
shoes-nfl-pittsburgh-steelers-snk-20260923-xi-011,,,,,,,,Option1,EU 45,,,,,DN-TONWPAQTHS7W-EU45,,,,deny,manual,89.95,109.95,TRUE,TRUE,,,,,,,,,,,
shoes-nfl-pittsburgh-steelers-snk-20260923-xi-011,,,,,,,,Option1,EU 46,,,,,DN-TONWPAQTHS7W-EU46,,,,deny,manual,89.95,109.95,TRUE,TRUE,,,,,,,,,,,
shoes-nfl-pittsburgh-steelers-snk-20260923-xi-011,,,,,,,,Option1,EU 47,,,,,DN-TONWPAQTHS7W-EU47,,,,deny,manual,89.95,109.95,TRUE,TRUE,,,,,,,,,,,
shoes-nfl-pittsburgh-steelers-snk-20260923-xi-011,,,,,,,,Option1,EU 48,,,,,DN-TONWPAQTHS7W-EU48,,,,deny,manual,89.95,109.95,TRUE,TRUE,,,,,,,,,,,
shoes-nfl-san-francisco-49ers-snk-20260923-xi-009,"SF Heritage - Crimson, Cream and Gold Laurel Running Shoes","<p>A single sneaker held in still light, staged like a display piece rather than a product shot. Nothing moves here. The interest is entirely in the layering of crimson, cream and gold across the silhouette.</p><h3>Design Story</h3><p>The upper is built in panels: a cream mid-foot carrying the central crest, deep oxblood croc-effect texture at the toe box and heel, and thin gold lines threading the seams to tie the two tones together. The focal point sits exactly where the eye expects it, a laurel-wreathed oval crest with the interlocked SF monogram, crowned above and balanced by a small plaque reading EST. 1946 toward the heel. Ornamental gold filigree fans across the rear quarter, adding decoration without crowding the center. It is a heraldic composition on a sports silhouette, and the restraint of the cream field is what keeps it legible.</p><h3>Product Details</h3><ul><li>Upper: Lightweight, breathable mesh that is easy to clean and quick-drying</li><li>Outsole: White MD sole with rubber coverage on high-impact zones for less weight and better wear</li><li>Print: All-over personalized digital print</li><li>Closure: Lace-up for an adjustable fit</li><li>Fit: Unisex, true to size (EU 36–48)</li><li>Great for: Everyday wear, walking, running, workouts, gym, travel, and outdoor activities</li></ul><h3>Wear &amp; Styling</h3><p>On unisex running shoes with a white sole, the pale base reads as a continuation of the cream panels, so the crimson and gold stay the loudest voices. The crest sits high on the side panel where it clears the lacing, laces and tongue in cream keep the upper quiet at the center, and the graphic scale stays readable while walking. Statement footwear that still pairs simply with denim or plain black.</p><h3>Size Guide</h3><p>Size guide (EU size, US conversion, insole length):</p><ul><li>✔ EU 36: US Women 5.5 / US Men 3.5, insole length 23.6 cm (9.3"")</li><li>✔ EU 37: US Women 6.5 / US Men 4.5, insole length 24.2 cm (9.5"")</li><li>✔ EU 38: US Women 7 / US Men 5, insole length 24.8 cm (9.8"")</li><li>✔ EU 39: US Women 8 / US Men 6, insole length 25.4 cm (10.0"")</li><li>✔ EU 40: US Women 8.5 / US Men 7, insole length 26 cm (10.2"")</li><li>✔ EU 41: US Women 9 / US Men 7.5, insole length 26.6 cm (10.5"")</li><li>✔ EU 42: US Women 10 / US Men 8.5, insole length 27.3 cm (10.7"")</li><li>✔ EU 43: US Women 11 / US Men 9.5, insole length 27.9 cm (11.0"")</li><li>✔ EU 44: US Women 11.5 / US Men 10, insole length 28.5 cm (11.2"")</li><li>✔ EU 45: US Women 13 / US Men 11, insole length 29.3 cm (11.5"")</li><li>✔ EU 46: US Men 11.5, insole length 29.9 cm (11.8"")</li><li>✔ EU 47: US Men 12, insole length 30.5 cm (12.0"")</li><li>✔ EU 48: US Men 13, insole length 31.2 cm (12.3"")</li></ul><p>Sizes run true to size. Please measure your foot length and compare it with the insole length before ordering.</p><h3>Care</h3><ul><li>Brush off excess dirt with a shoe cleaning brush.</li><li>Air dry in a cool place.</li></ul><p>Team colors, treated with a collector's eye.</p>",Taveris,Apparel & Accessories > Shoes,Shoes,"Footwear, Graphic Sneakers, New Arrivals, Printed Shoes, Shoes, Shoes NFL, Sneakers",TRUE,Size,EU 36,,,,,DN-XUZZ6Y4ZIY6P-EU36,,,,deny,manual,89.95,109.95,TRUE,TRUE,,https://all-products.taveris.co/products/shoes-nfl-san-francisco-49ers-snk-20260923-xi-009/01-main.webp,1,"SF Heritage - Crimson, Cream and Gold Laurel Running Shoes - main",FALSE,SF 49ers Running Shoes - Red Gold Crest Sneakers,,,,active,Shoes NFL
shoes-nfl-san-francisco-49ers-snk-20260923-xi-009,,,,,,,,Option1,EU 37,,,,,DN-XUZZ6Y4ZIY6P-EU37,,,,deny,manual,89.95,109.95,TRUE,TRUE,,https://all-products.taveris.co/products/shoes-nfl-san-francisco-49ers-snk-20260923-xi-009/02-main.webp,2,"SF Heritage - Crimson, Cream and Gold Laurel Running Shoes - main",,,,,,,
shoes-nfl-san-francisco-49ers-snk-20260923-xi-009,,,,,,,,Option1,EU 38,,,,,DN-XUZZ6Y4ZIY6P-EU38,,,,deny,manual,89.95,109.95,TRUE,TRUE,,https://all-products.taveris.co/products/shoes-nfl-san-francisco-49ers-snk-20260923-xi-009/03-main.webp,3,"SF Heritage - Crimson, Cream and Gold Laurel Running Shoes - main",,,,,,,
shoes-nfl-san-francisco-49ers-snk-20260923-xi-009,,,,,,,,Option1,EU 39,,,,,DN-XUZZ6Y4ZIY6P-EU39,,,,deny,manual,89.95,109.95,TRUE,TRUE,,https://all-products.taveris.co/products/shoes-nfl-san-francisco-49ers-snk-20260923-xi-009/04-main.webp,4,"SF Heritage - Crimson, Cream and Gold Laurel Running Shoes - main",,,,,,,
shoes-nfl-san-francisco-49ers-snk-20260923-xi-009,,,,,,,,Option1,EU 40,,,,,DN-XUZZ6Y4ZIY6P-EU40,,,,deny,manual,89.95,109.95,TRUE,TRUE,,https://all-products.taveris.co/products/shoes-nfl-san-francisco-49ers-snk-20260923-xi-009/05-main.webp,5,"SF Heritage - Crimson, Cream and Gold Laurel Running Shoes - main",,,,,,,
shoes-nfl-san-francisco-49ers-snk-20260923-xi-009,,,,,,,,Option1,EU 41,,,,,DN-XUZZ6Y4ZIY6P-EU41,,,,deny,manual,89.95,109.95,TRUE,TRUE,,,,,,,,,,,
shoes-nfl-san-francisco-49ers-snk-20260923-xi-009,,,,,,,,Option1,EU 42,,,,,DN-XUZZ6Y4ZIY6P-EU42,,,,deny,manual,89.95,109.95,TRUE,TRUE,,,,,,,,,,,
shoes-nfl-san-francisco-49ers-snk-20260923-xi-009,,,,,,,,Option1,EU 43,,,,,DN-XUZZ6Y4ZIY6P-EU43,,,,deny,manual,89.95,109.95,TRUE,TRUE,,,,,,,,,,,
shoes-nfl-san-francisco-49ers-snk-20260923-xi-009,,,,,,,,Option1,EU 44,,,,,DN-XUZZ6Y4ZIY6P-EU44,,,,deny,manual,89.95,109.95,TRUE,TRUE,,,,,,,,,,,
shoes-nfl-san-francisco-49ers-snk-20260923-xi-009,,,,,,,,Option1,EU 45,,,,,DN-XUZZ6Y4ZIY6P-EU45,,,,deny,manual,89.95,109.95,TRUE,TRUE,,,,,,,,,,,
shoes-nfl-san-francisco-49ers-snk-20260923-xi-009,,,,,,,,Option1,EU 46,,,,,DN-XUZZ6Y4ZIY6P-EU46,,,,deny,manual,89.95,109.95,TRUE,TRUE,,,,,,,,,,,
shoes-nfl-san-francisco-49ers-snk-20260923-xi-009,,,,,,,,Option1,EU 47,,,,,DN-XUZZ6Y4ZIY6P-EU47,,,,deny,manual,89.95,109.95,TRUE,TRUE,,,,,,,,,,,
shoes-nfl-san-francisco-49ers-snk-20260923-xi-009,,,,,,,,Option1,EU 48,,,,,DN-XUZZ6Y4ZIY6P-EU48,,,,deny,manual,89.95,109.95,TRUE,TRUE,,,,,,,,,,,
tumbler-40oz-halloween-general-tum-20260923-xi-001,"Lunar Ornament - Crescent, Star and Deep Violet Quiet","<p>A composition built on stillness. Deep violet, near-black ground, and a single crescent holding the centre of the surface like a held breath.</p><h3>Design Story</h3><p>The focal panel is unmistakable: a jewelled crescent curving around an eight-pointed star, set against a dark amethyst field. Around it, fine gold latticework spreads into a net of chains, small starbursts and faceted violet stones, each element smaller than the last. That descending scale is what makes the design read rather than clutter — the eye lands on the moon, then drifts outward and downward through the ornamental web to the fleur-like flourish near the base. Colour does the rest of the work. Warm gold lines against cool purple create contrast without noise, and the darkness between the motifs functions as negative space, letting the celestial symbols breathe. Nothing moves here. The whole image is arranged, ceremonial, quiet.</p><h3>Use &amp; Experience</h3><p>On a tumbler, the vertical proportion suits this design well: the crescent sits high as the front-facing anchor, while the lattice carries the composition around the wraparound surface so there is no empty side. Handle and lid areas frame the graphic rather than compete with it. A restrained statement piece — decorative presence without volume, and it reads clearly at arm's length on a desk or table.</p><h3>Size &amp; Capacity</h3><p>Available capacity: 40 oz.</p><p>An ornament first, a vessel second — quiet, dark, deliberate.</p>",Taveris,Home & Garden > Kitchen & Dining > Tableware > Drinkware > Tumblers,Tumbler,"Accessories, Drinkware, Graphic Tumbler, New Arrivals, Tumbler Halloween, Tumblers",TRUE,Title,Default Title,,,,,DN-TI6KCVPUNFQT,,,,deny,manual,49.95,59.95,TRUE,TRUE,,https://all-products.taveris.co/products/tumbler-40oz-halloween-general-tum-20260923-xi-001/01-main.webp,1,"Lunar Ornament - Crescent, Star and Deep Violet Quiet - main",FALSE,Crescent Moon Tumbler - Purple Gothic Celestial Design,,,,active,Tumbler Halloween
tumbler-40oz-halloween-general-tum-20260923-xi-001,,,,,,,,,,,,,,,,,,,,,,,,,https://all-products.taveris.co/products/tumbler-40oz-halloween-general-tum-20260923-xi-001/02-main.webp,2,"Lunar Ornament - Crescent, Star and Deep Violet Quiet - main",,,,,,,
tumbler-40oz-halloween-general-tum-20260923-xi-001,,,,,,,,,,,,,,,,,,,,,,,,,https://all-products.taveris.co/products/tumbler-40oz-halloween-general-tum-20260923-xi-001/03-main.webp,3,"Lunar Ornament - Crescent, Star and Deep Violet Quiet - main",,,,,,,
tumbler-40oz-halloween-general-tum-20260923-xi-001,,,,,,,,,,,,,,,,,,,,,,,,,https://all-products.taveris.co/products/tumbler-40oz-halloween-general-tum-20260923-xi-001/04-main.webp,4,"Lunar Ornament - Crescent, Star and Deep Violet Quiet - main",,,,,,,
tumbler-40oz-halloween-general-tum-20260923-xi-001,,,,,,,,,,,,,,,,,,,,,,,,,https://all-products.taveris.co/products/tumbler-40oz-halloween-general-tum-20260923-xi-001/05-main.webp,5,"Lunar Ornament - Crescent, Star and Deep Violet Quiet - main",,,,,,,
tumbler-40oz-halloween-general-tum-20260923-xi-002,Grace in Shadows - Crowned Swan Baroque Tumbler,"<p>Some graphics shout. This one holds still and lets the room lean in. A crowned black swan sits at the centre of the panel, poised, composed, entirely unhurried.</p><h3>Design Story</h3><p>The composition is built like couture embroidery. A matte obsidian swan curves through the middle of the focal panel, its neck drawing a slow S-line that carries the eye from the crown down to the base. Outspread wings render as pale filigree feathering, catching the light against the dark ground and creating the tonal contrast that keeps the piece legible from a distance. Below, a lattice of deep sapphire cabochons and gilded scrollwork anchors the lower third, while a crescent and scattered stars frame the upper corner. Gold linework threads the whole thing together, restrained enough to read as trim rather than clutter.</p><h3>Use &amp; Experience</h3><p>On a vertical tumbler silhouette the artwork works exactly as intended: the swan claims the front-facing focal area, the ornamental band grounds the base, and the crescent detail lifts the upper curve toward the lid. The dark ground reads as negative space, so the wraparound composition never feels crowded. Handle-side framing stays clean, keeping the graphic hierarchy intact from any angle. Carry presence is quiet, formal, deliberate.</p><h3>Size &amp; Capacity</h3><p>Available capacity: 40 oz.</p><p>A drinkware statement for anyone who prefers their elegance written in shadow.</p>",Taveris,Home & Garden > Kitchen & Dining > Tableware > Drinkware > Tumblers,Tumbler,"Accessories, Drinkware, Graphic Tumbler, New Arrivals, Tumbler Halloween, Tumblers",TRUE,Title,Default Title,,,,,DN-KU7R5EJFUVJG,,,,deny,manual,49.95,59.95,TRUE,TRUE,,https://all-products.taveris.co/products/tumbler-40oz-halloween-general-tum-20260923-xi-002/01-main.webp,1,Grace in Shadows - Crowned Swan Baroque Tumbler - main,FALSE,Black Swan Tumbler - Gothic Baroque Crown Graphic,,,,active,Tumbler Halloween
tumbler-40oz-halloween-general-tum-20260923-xi-002,,,,,,,,,,,,,,,,,,,,,,,,,https://all-products.taveris.co/products/tumbler-40oz-halloween-general-tum-20260923-xi-002/02-main.webp,2,Grace in Shadows - Crowned Swan Baroque Tumbler - main,,,,,,,
tumbler-40oz-halloween-general-tum-20260923-xi-002,,,,,,,,,,,,,,,,,,,,,,,,,https://all-products.taveris.co/products/tumbler-40oz-halloween-general-tum-20260923-xi-002/03-main.webp,3,Grace in Shadows - Crowned Swan Baroque Tumbler - main,,,,,,,
tumbler-40oz-halloween-general-tum-20260923-xi-002,,,,,,,,,,,,,,,,,,,,,,,,,https://all-products.taveris.co/products/tumbler-40oz-halloween-general-tum-20260923-xi-002/04-main.webp,4,Grace in Shadows - Crowned Swan Baroque Tumbler - main,,,,,,,
tumbler-40oz-halloween-general-tum-20260923-xi-002,,,,,,,,,,,,,,,,,,,,,,,,,https://all-products.taveris.co/products/tumbler-40oz-halloween-general-tum-20260923-xi-002/05-main.webp,5,Grace in Shadows - Crowned Swan Baroque Tumbler - main,,,,,,,
tumbler-40oz-halloween-general-tum-20260923-xi-003,Beauty Spins In Darkness - Gilded Web Tumbler,"<p>A quiet kind of opulence. Black lace texture, gold filigree and a single crimson stone, composed with the patience of a jeweller rather than the noise of a graphic.</p><h3>Design Story</h3><p>The artwork builds a wraparound web in warm gold linework, radiating from a central spider whose body reads as a faceted black cabochon above a deep red oval. Clear stone accents trace the strands like pavé, while smaller black teardrops anchor the base and shoulder. Tonal contrast does the work here: near-black ground, gold structure, one point of red. The lettering above reads BEAUTY SPINS IN DARKNESS, framing the motif rather than competing with it. Symmetry keeps it composed; the spider sits dead centre as the focal panel.</p><h3>Use &amp; Experience</h3><p>On a tumbler silhouette, the vertical proportion suits a radial motif that can taper toward the base. The web wraps continuously so there is no dead side, while the spider holds the front-facing focal area at eye level. The handle's dark tone reads as negative space, letting the gold linework carry the visual hierarchy. High statement level, quiet palette - it functions as an accessory on a desk as much as a vessel in hand.</p><h3>Size &amp; Capacity</h3><p>Available capacity: 40 oz.</p><p>Dark, ornamental, deliberate. Carry it like jewellery.</p>",Taveris,Home & Garden > Kitchen & Dining > Tableware > Drinkware > Tumblers,Tumbler,"Accessories, Drinkware, Graphic Tumbler, New Arrivals, Tumbler Halloween, Tumblers",TRUE,Title,Default Title,,,,,DN-GKGCMJ5JVFZV,,,,deny,manual,49.95,59.95,TRUE,TRUE,,https://all-products.taveris.co/products/tumbler-40oz-halloween-general-tum-20260923-xi-003/01-main.webp,1,Beauty Spins In Darkness - Gilded Web Tumbler - main,FALSE,Spider Web Gothic Tumbler - Black and Gold Drinkware,,,,active,Tumbler Halloween
tumbler-40oz-halloween-general-tum-20260923-xi-003,,,,,,,,,,,,,,,,,,,,,,,,,https://all-products.taveris.co/products/tumbler-40oz-halloween-general-tum-20260923-xi-003/02-main.webp,2,Beauty Spins In Darkness - Gilded Web Tumbler - main,,,,,,,
tumbler-40oz-halloween-general-tum-20260923-xi-003,,,,,,,,,,,,,,,,,,,,,,,,,https://all-products.taveris.co/products/tumbler-40oz-halloween-general-tum-20260923-xi-003/03-main.webp,3,Beauty Spins In Darkness - Gilded Web Tumbler - main,,,,,,,
tumbler-40oz-halloween-general-tum-20260923-xi-003,,,,,,,,,,,,,,,,,,,,,,,,,https://all-products.taveris.co/products/tumbler-40oz-halloween-general-tum-20260923-xi-003/04-main.webp,4,Beauty Spins In Darkness - Gilded Web Tumbler - main,,,,,,,
tumbler-40oz-halloween-general-tum-20260923-xi-003,,,,,,,,,,,,,,,,,,,,,,,,,https://all-products.taveris.co/products/tumbler-40oz-halloween-general-tum-20260923-xi-003/05-main.webp,5,Beauty Spins In Darkness - Gilded Web Tumbler - main,,,,,,,
tumbler-40oz-halloween-general-tum-20260923-xi-004,Beauty In The End - A Gilded Study in Gothic Ornament,"<p>The eye lands on the gold skull first, centred on the front panel like a portrait in a chapel niche. Everything else — the black roses, the scrollwork, the red stones — arranges itself around that single point of stillness.</p><h3>Design Story</h3><p>The artwork reads as baroque jewellery rendered as illustration. Gilded filigree curls across a near-black ground, punctuated by deep crimson gems and clusters of black roses whose petals catch a faint golden rim light. Candlelight in the background keeps the palette warm rather than cold, and the small line of type, BEAUTY IN THE END, sets the mood without shouting. There is no action here, only composure: a calm, ceremonial kind of darkness built on contrast between matte black, warm metal and blood-red accents.</p><h3>Use &amp; Experience</h3><p>On a vertical tumbler silhouette the composition works in layers. The skull sits at the natural front-facing focal area, roughly at eye level when carried, while the ornamental scrollwork continues around the wraparound surface so there is no dead side. The banding at the top and base frames the graphic, and the narrowing proportion toward the base gives the design a pedestal feel. It reads as a bold graphic accessory rather than a quiet everyday cup.</p><h3>Size &amp; Capacity</h3><p>Available capacity: 40 oz.</p><p>Quiet drama, carried in hand.</p>",Taveris,Home & Garden > Kitchen & Dining > Tableware > Drinkware > Tumblers,Tumbler,"Accessories, Drinkware, Graphic Tumbler, New Arrivals, Tumbler Halloween, Tumblers",TRUE,Title,Default Title,,,,,DN-3J3CO7V77N5I,,,,deny,manual,49.95,59.95,TRUE,TRUE,,https://all-products.taveris.co/products/tumbler-40oz-halloween-general-tum-20260923-xi-004/01-main.webp,1,Beauty In The End - A Gilded Study in Gothic Ornament - main,FALSE,Gothic Skull Tumbler - Black Roses and Gold Baroque Art,,,,active,Tumbler Halloween
tumbler-40oz-halloween-general-tum-20260923-xi-004,,,,,,,,,,,,,,,,,,,,,,,,,https://all-products.taveris.co/products/tumbler-40oz-halloween-general-tum-20260923-xi-004/02-main.webp,2,Beauty In The End - A Gilded Study in Gothic Ornament - main,,,,,,,
tumbler-40oz-halloween-general-tum-20260923-xi-004,,,,,,,,,,,,,,,,,,,,,,,,,https://all-products.taveris.co/products/tumbler-40oz-halloween-general-tum-20260923-xi-004/03-main.webp,3,Beauty In The End - A Gilded Study in Gothic Ornament - main,,,,,,,
tumbler-40oz-halloween-general-tum-20260923-xi-004,,,,,,,,,,,,,,,,,,,,,,,,,https://all-products.taveris.co/products/tumbler-40oz-halloween-general-tum-20260923-xi-004/04-main.webp,4,Beauty In The End - A Gilded Study in Gothic Ornament - main,,,,,,,
tumbler-40oz-halloween-general-tum-20260923-xi-004,,,,,,,,,,,,,,,,,,,,,,,,,https://all-products.taveris.co/products/tumbler-40oz-halloween-general-tum-20260923-xi-004/05-main.webp,5,Beauty In The End - A Gilded Study in Gothic Ornament - main,,,,,,,
tumbler-40oz-halloween-general-tum-20260923-xi-005,"Coiled Ornament - Serpent, Rose and Gilded Restraint","<p>A serpent curls through gold filigree in a single unbroken line, its head lifted rather than striking. The composition is still — and that stillness is the point.</p><h3>Design Story</h3><p>The artwork builds on a deep green ground, layered with gold leafwork, pale jewelled scrollwork and two crimson roses set low in the frame. The serpent's dark, scaled body forms an S-curve that carries the eye from the upper crescent down toward the roses, where the largest red bloom anchors the lower third. Green stones punctuate the border like fixed points of rest. Colour does the emotional work here: cold green, warm gold, one deliberate note of red. Nothing rushes. The figure is coiled, contained, watchful — power described through posture rather than action. Beneath it, a small lettered plate reading AURA TUMBLER closes the vertical arrangement with quiet symmetry.</p><h3>Use &amp; Experience</h3><p>On a tumbler's vertical silhouette, this composition reads as a continuous wraparound band. The serpent's curve follows the natural taper, the roses sit at hand height as the focal panel, and the lettered plate grounds the base. Held or set down, it behaves like an ornamental object rather than plain drinkware — a bold graphic accessory with a clear front face and strong carry presence.</p><h3>Size &amp; Capacity</h3><p>Available capacity: 40 oz.</p><p>Ornament held still: a design that watches back.</p>",Taveris,Home & Garden > Kitchen & Dining > Tableware > Drinkware > Tumblers,Tumbler,"Accessories, Drinkware, Graphic Tumbler, New Arrivals, Tumbler Halloween, Tumblers",TRUE,Title,Default Title,,,,,DN-3CDT2OWFZWLD,,,,deny,manual,49.95,59.95,TRUE,TRUE,,https://all-products.taveris.co/products/tumbler-40oz-halloween-general-tum-20260923-xi-005/01-main.webp,1,"Coiled Ornament - Serpent, Rose and Gilded Restraint - main",FALSE,Serpent and Rose Tumbler - Gothic Gold Ornate Design,,,,active,Tumbler Halloween
tumbler-40oz-halloween-general-tum-20260923-xi-005,,,,,,,,,,,,,,,,,,,,,,,,,https://all-products.taveris.co/products/tumbler-40oz-halloween-general-tum-20260923-xi-005/02-main.webp,2,"Coiled Ornament - Serpent, Rose and Gilded Restraint - main",,,,,,,
tumbler-40oz-halloween-general-tum-20260923-xi-005,,,,,,,,,,,,,,,,,,,,,,,,,https://all-products.taveris.co/products/tumbler-40oz-halloween-general-tum-20260923-xi-005/03-main.webp,3,"Coiled Ornament - Serpent, Rose and Gilded Restraint - main",,,,,,,
tumbler-40oz-halloween-general-tum-20260923-xi-005,,,,,,,,,,,,,,,,,,,,,,,,,https://all-products.taveris.co/products/tumbler-40oz-halloween-general-tum-20260923-xi-005/04-main.webp,4,"Coiled Ornament - Serpent, Rose and Gilded Restraint - main",,,,,,,
tumbler-40oz-halloween-general-tum-20260923-xi-005,,,,,,,,,,,,,,,,,,,,,,,,,https://all-products.taveris.co/products/tumbler-40oz-halloween-general-tum-20260923-xi-005/05-main.webp,5,"Coiled Ornament - Serpent, Rose and Gilded Restraint - main",,,,,,,
tumbler-40oz-halloween-general-tum-20260923-xi-006,"Blood, Beauty, Forever - A Gothic Tumbler With Presence","<p>Some designs shout. This one lowers its voice and leans in. The whole surface is crimson lacquer and gold filigree, and the restraint is exactly why it lands.</p><h3>Design Story</h3><p>The composition is built like a cathedral window. A faceted red gem sits dead center, ringed in gold scrollwork and bat wings, and every line on the panel points back to it. Below, deep-red roses and a black heart-shaped flourish carry the eye downward, so the vertical proportion reads top to bottom instead of fighting itself. The palette does the heavy lifting: oxblood red against black negative space, with gold acting as the outline that keeps the ornament from turning to mush. Symmetry is the quiet trick here — perfectly mirrored, which makes the design feel composed rather than chaotic, elegant rather than loud.</p><h3>Use &amp; Experience</h3><p>On a tumbler silhouette, this works because the focal panel lives at eye level on the front, right where a wraparound design needs its anchor. The ornamentation scales down cleanly, the gold banding at the lid and base frames the whole thing, and the handle side stays visually calm so the graphic never feels crowded. It's a bold accessory piece — the kind of drinkware that reads as intentional on a desk, not accidental.</p><h3>Size &amp; Capacity</h3><p>Available capacity: 40 oz.</p><p>Gothic romance with a spine. Carry it like you mean it.</p>",Taveris,Home & Garden > Kitchen & Dining > Tableware > Drinkware > Tumblers,Tumbler,"Accessories, Drinkware, Graphic Tumbler, New Arrivals, Tumbler Halloween, Tumblers",TRUE,Title,Default Title,,,,,DN-QCMZLB4KHEBY,,,,deny,manual,49.95,59.95,TRUE,TRUE,,https://all-products.taveris.co/products/tumbler-40oz-halloween-general-tum-20260923-xi-006/01-main.webp,1,"Blood, Beauty, Forever - A Gothic Tumbler With Presence - main",FALSE,Gothic Vampire Tumbler - Red Rose and Gold Filigree Design,,,,active,Tumbler Halloween
tumbler-40oz-halloween-general-tum-20260923-xi-006,,,,,,,,,,,,,,,,,,,,,,,,,https://all-products.taveris.co/products/tumbler-40oz-halloween-general-tum-20260923-xi-006/02-main.webp,2,"Blood, Beauty, Forever - A Gothic Tumbler With Presence - main",,,,,,,
tumbler-40oz-halloween-general-tum-20260923-xi-006,,,,,,,,,,,,,,,,,,,,,,,,,https://all-products.taveris.co/products/tumbler-40oz-halloween-general-tum-20260923-xi-006/03-main.webp,3,"Blood, Beauty, Forever - A Gothic Tumbler With Presence - main",,,,,,,
tumbler-40oz-halloween-general-tum-20260923-xi-006,,,,,,,,,,,,,,,,,,,,,,,,,https://all-products.taveris.co/products/tumbler-40oz-halloween-general-tum-20260923-xi-006/04-main.webp,4,"Blood, Beauty, Forever - A Gothic Tumbler With Presence - main",,,,,,,
tumbler-40oz-halloween-general-tum-20260923-xi-006,,,,,,,,,,,,,,,,,,,,,,,,,https://all-products.taveris.co/products/tumbler-40oz-halloween-general-tum-20260923-xi-006/05-main.webp,5,"Blood, Beauty, Forever - A Gothic Tumbler With Presence - main",,,,,,,
tumbler-40oz-mlb-atlanta-braves-christmas-tum-20260923-xi-019,ATL Midnight Christmas - Ornamental Holiday Tumbler,"<p>Some drinkware decorates. This one behaves like an heirloom ornament scaled to a vertical silhouette — dense, tonal, and deliberately slow to read.</p><h3>Design Story</h3><p>The palette is disciplined: deep navy-black ground, warm antique gold scrollwork, red accents, and jewel-like white highlights. A crystal-styled script A sits high on the focal panel as the visual anchor, with a moonlit skyline and a lantern-carrying Santa in a sleigh below, reindeer harnessed in gold. Snowflakes fill the negative space as rhythm rather than clutter. Lower down, banner typography reads ATLANTA BRAVES over TRADITION, PRIDE, BRAVERY, BASEBALL, FOREVER, closing on a baseball crest ribboned in dark green and red. The handle panel carries its own smaller composition — EST. 1871 and a single script mark — so the design stays composed from every angle.</p><h3>Use &amp; Experience</h3><p>On a tumbler, hierarchy does the work. The monogram reads first from across a room, the sleigh scene rewards a closer look, and the banner text grounds the base so the vertical proportion never feels top-heavy. Wraparound scrollwork means there is no dead side, and the handle graphic keeps the whole silhouette intentional in hand.</p><h3>Size &amp; Capacity</h3><p>Available capacity: 40 oz.</p><p>A quiet kind of statement piece — festive, formal, and built to be carried.</p>",Taveris,Home & Garden > Kitchen & Dining > Tableware > Drinkware > Tumblers,Tumbler,"Accessories, Drinkware, Graphic Tumbler, New Arrivals, Tumbler MLB, Tumblers",TRUE,Title,Default Title,,,,,DN-DCLZRRWGYLMQ,,,,deny,manual,49.95,59.95,TRUE,TRUE,,https://all-products.taveris.co/products/tumbler-40oz-mlb-atlanta-braves-christmas-tum-20260923-xi-019/01-main.webp,1,ATL Midnight Christmas - Ornamental Holiday Tumbler - main,FALSE,ATL Braves Christmas Tumbler - Santa Sleigh Holiday Art,,,,active,Tumbler MLB
tumbler-40oz-mlb-atlanta-braves-christmas-tum-20260923-xi-019,,,,,,,,,,,,,,,,,,,,,,,,,https://all-products.taveris.co/products/tumbler-40oz-mlb-atlanta-braves-christmas-tum-20260923-xi-019/02-main.webp,2,ATL Midnight Christmas - Ornamental Holiday Tumbler - main,,,,,,,
tumbler-40oz-mlb-atlanta-braves-christmas-tum-20260923-xi-019,,,,,,,,,,,,,,,,,,,,,,,,,https://all-products.taveris.co/products/tumbler-40oz-mlb-atlanta-braves-christmas-tum-20260923-xi-019/03-main.webp,3,ATL Midnight Christmas - Ornamental Holiday Tumbler - main,,,,,,,
tumbler-40oz-mlb-atlanta-braves-christmas-tum-20260923-xi-019,,,,,,,,,,,,,,,,,,,,,,,,,https://all-products.taveris.co/products/tumbler-40oz-mlb-atlanta-braves-christmas-tum-20260923-xi-019/04-main.webp,4,ATL Midnight Christmas - Ornamental Holiday Tumbler - main,,,,,,,
tumbler-40oz-mlb-atlanta-braves-christmas-tum-20260923-xi-019,,,,,,,,,,,,,,,,,,,,,,,,,https://all-products.taveris.co/products/tumbler-40oz-mlb-atlanta-braves-christmas-tum-20260923-xi-019/05-main.webp,5,ATL Midnight Christmas - Ornamental Holiday Tumbler - main,,,,,,,
tumbler-40oz-mlb-chicago-cubs-christmas-tum-20260923-xi-020,CHC Holiday Wrap - Wrigley Nutcrackers and Snowfall Tumbler,"<p>Some designs whisper. This one decorates the whole room. A navy tumbler wrapped in a Christmas-window scene that reads like a storefront display you'd stop walking for.</p><h3>Design Story</h3><p>The composition is stacked like a holiday advent panel, and that's exactly why it works. Top band: CHICAGO CUBS in gold serif under a red ribbon and pine garland. Center: the circular C logo ringed in faux-gem sparkle, flanked by two toy-soldier nutcrackers in Cubs blue caps standing guard like bookends. Below that, a moonlit skyline melts into a lit-up Wrigley Field marquee, then a vintage steam train rolls past snow-dusted evergreens. The bottom plaque closes it out with a baseball crest and the line ""A Cubs Christmas Always Feels Like Home."" Red, gold and navy repeat at every level, so the eye climbs the design instead of getting lost in it.</p><h3>Use &amp; Experience</h3><p>A tall vertical surface is the right canvas for this kind of layered storytelling. The tumbler silhouette gives each scene its own tier, the front-facing logo panel sits at natural eye level, and the handle side carries its own smaller ""GO CUBS GO"" banner so the graphic never runs out of things to say. Carry presence: unmistakable.</p><h3>Size &amp; Capacity</h3><p>Available capacity: 40 oz.</p><p>Team loyalty, holiday warmth, one very loud drinkware silhouette.</p>",Taveris,Home & Garden > Kitchen & Dining > Tableware > Drinkware > Tumblers,Tumbler,"Accessories, Drinkware, Graphic Tumbler, New Arrivals, Tumbler MLB, Tumblers",TRUE,Title,Default Title,,,,,DN-CPHKI4ULO3M2,,,,deny,manual,49.95,59.95,TRUE,TRUE,,https://all-products.taveris.co/products/tumbler-40oz-mlb-chicago-cubs-christmas-tum-20260923-xi-020/01-main.webp,1,CHC Holiday Wrap - Wrigley Nutcrackers and Snowfall Tumbler - main,FALSE,Chicago Cubs Christmas Tumbler - Wrigley Field Holiday Art,,,,active,Tumbler MLB
tumbler-40oz-mlb-chicago-cubs-christmas-tum-20260923-xi-020,,,,,,,,,,,,,,,,,,,,,,,,,https://all-products.taveris.co/products/tumbler-40oz-mlb-chicago-cubs-christmas-tum-20260923-xi-020/02-main.webp,2,CHC Holiday Wrap - Wrigley Nutcrackers and Snowfall Tumbler - main,,,,,,,
tumbler-40oz-mlb-chicago-cubs-christmas-tum-20260923-xi-020,,,,,,,,,,,,,,,,,,,,,,,,,https://all-products.taveris.co/products/tumbler-40oz-mlb-chicago-cubs-christmas-tum-20260923-xi-020/03-main.webp,3,CHC Holiday Wrap - Wrigley Nutcrackers and Snowfall Tumbler - main,,,,,,,
tumbler-40oz-mlb-chicago-cubs-christmas-tum-20260923-xi-020,,,,,,,,,,,,,,,,,,,,,,,,,https://all-products.taveris.co/products/tumbler-40oz-mlb-chicago-cubs-christmas-tum-20260923-xi-020/04-main.webp,4,CHC Holiday Wrap - Wrigley Nutcrackers and Snowfall Tumbler - main,,,,,,,
tumbler-40oz-mlb-chicago-cubs-christmas-tum-20260923-xi-020,,,,,,,,,,,,,,,,,,,,,,,,,https://all-products.taveris.co/products/tumbler-40oz-mlb-chicago-cubs-christmas-tum-20260923-xi-020/05-main.webp,5,CHC Holiday Wrap - Wrigley Nutcrackers and Snowfall Tumbler - main,,,,,,,
tumbler-40oz-mlb-los-angeles-dodgers-christmas-tum-20260923-xi-018,"LAD Christmas - Stadium Lights, Gold Filigree and Winter Detail","<p>Some designs ask for a glance. This one asks for a second look. The wraparound composition reads like an ornament that decided to become drinkware, dense with gold linework and deep navy that catches light the way a stadium does after dark.</p><h3>Design Story</h3><p>The focal panel is built in tiers. A crowned star sits at the top, framing the interlocking LA monogram inside a ringed medallion, with banner ribbons reading CHRISTMAS above and CHAMPIONS below. Beneath it, an illuminated Dodger Stadium facade glows between palm trees and snow-dusted evergreens, followed by the line BASEBALL BRINGS US TOGETHER. Lower still, a baseball ornament hangs in a wreath of holly, pine and gold ribbon, closing on A BRIGHTER TOMORROW along the base. Snowflakes, jewel accents and filigree fill the negative space, while LOS ANGELES DODGERS runs along the upper band. The handle carries its own script and monogram, keeping the design continuous from every angle.</p><h3>Use &amp; Experience</h3><p>On a tall tumbler silhouette, that vertical stacking works in its favour. The eye climbs from wreath to stadium to monogram, giving the piece real carry presence on a desk or a counter without needing motion to hold attention.</p><h3>Size &amp; Capacity</h3><p>Available capacity: 40 oz.</p><p>Holiday warmth, team identity and ornamental detail, arranged with unusual patience.</p>",Taveris,Home & Garden > Kitchen & Dining > Tableware > Drinkware > Tumblers,Tumbler,"Accessories, Drinkware, Graphic Tumbler, New Arrivals, Tumbler MLB, Tumblers",TRUE,Title,Default Title,,,,,DN-KMXIR42LMLDJ,,,,deny,manual,49.95,59.95,TRUE,TRUE,,https://all-products.taveris.co/products/tumbler-40oz-mlb-los-angeles-dodgers-christmas-tum-20260923-xi-018/01-main.webp,1,"LAD Christmas - Stadium Lights, Gold Filigree and Winter Detail - main",FALSE,LAD Christmas Tumbler - Dodgers Holiday Stadium Design,,,,active,Tumbler MLB
tumbler-40oz-mlb-los-angeles-dodgers-christmas-tum-20260923-xi-018,,,,,,,,,,,,,,,,,,,,,,,,,https://all-products.taveris.co/products/tumbler-40oz-mlb-los-angeles-dodgers-christmas-tum-20260923-xi-018/02-main.webp,2,"LAD Christmas - Stadium Lights, Gold Filigree and Winter Detail - main",,,,,,,
tumbler-40oz-mlb-los-angeles-dodgers-christmas-tum-20260923-xi-018,,,,,,,,,,,,,,,,,,,,,,,,,https://all-products.taveris.co/products/tumbler-40oz-mlb-los-angeles-dodgers-christmas-tum-20260923-xi-018/03-main.webp,3,"LAD Christmas - Stadium Lights, Gold Filigree and Winter Detail - main",,,,,,,
tumbler-40oz-mlb-los-angeles-dodgers-christmas-tum-20260923-xi-018,,,,,,,,,,,,,,,,,,,,,,,,,https://all-products.taveris.co/products/tumbler-40oz-mlb-los-angeles-dodgers-christmas-tum-20260923-xi-018/04-main.webp,4,"LAD Christmas - Stadium Lights, Gold Filigree and Winter Detail - main",,,,,,,
tumbler-40oz-mlb-los-angeles-dodgers-christmas-tum-20260923-xi-018,,,,,,,,,,,,,,,,,,,,,,,,,https://all-products.taveris.co/products/tumbler-40oz-mlb-los-angeles-dodgers-christmas-tum-20260923-xi-018/05-main.webp,5,"LAD Christmas - Stadium Lights, Gold Filigree and Winter Detail - main",,,,,,,
tumbler-40oz-mlb-new-york-mets-christmas-tum-20260923-xi-021,"NYM - Christmas in Queens, A Study in Ornament and Light","<p>A quiet piece of nocturnal ornament, built in layers rather than gestures. Nothing moves; everything glows.</p><h3>Design Story</h3><p>The composition reads vertically, like a stained-glass window turned into a column. A domed snow-globe panel sits at the top, holding a moonlit skyline, a bridge, a sleigh silhouette and a jewelled interlocking monogram in orange and navy. Beneath it, an arcaded stadium facade labelled CITI FIELD anchors the midsection with warm interior light and wreaths. The base returns to a single, calm focal object: a baseball tied with a ribbon, framed by lampposts and snow-laden pines, over a banner reading CHRISTMAS IN QUEENS. Gold filigree and faceted accents act as connective tissue, guiding the eye downward through three distinct registers. Deep navy negative space keeps the density readable rather than crowded.</p><h3>Use &amp; Experience</h3><p>On a tumbler silhouette, that three-register structure suits the vertical proportion exactly. The monogram carries as the front-facing anchor at arm's length, while the finer ornament rewards close viewing. Even the handle panel continues the wrap, so the object stays composed from every angle of carry.</p><h3>Size &amp; Capacity</h3><p>Available capacity: 40 oz.</p><p>An everyday vessel treated as a small illuminated facade.</p>",Taveris,Home & Garden > Kitchen & Dining > Tableware > Drinkware > Tumblers,Tumbler,"Accessories, Drinkware, Graphic Tumbler, New Arrivals, Tumbler MLB, Tumblers",TRUE,Title,Default Title,,,,,DN-W45TRREM2FEY,,,,deny,manual,49.95,59.95,TRUE,TRUE,,https://all-products.taveris.co/products/tumbler-40oz-mlb-new-york-mets-christmas-tum-20260923-xi-021/01-main.webp,1,"NYM - Christmas in Queens, A Study in Ornament and Light - main",FALSE,NYM Christmas Tumbler - Citi Field Holiday Winter Design,,,,active,Tumbler MLB
tumbler-40oz-mlb-new-york-mets-christmas-tum-20260923-xi-021,,,,,,,,,,,,,,,,,,,,,,,,,https://all-products.taveris.co/products/tumbler-40oz-mlb-new-york-mets-christmas-tum-20260923-xi-021/02-main.webp,2,"NYM - Christmas in Queens, A Study in Ornament and Light - main",,,,,,,
tumbler-40oz-mlb-new-york-mets-christmas-tum-20260923-xi-021,,,,,,,,,,,,,,,,,,,,,,,,,https://all-products.taveris.co/products/tumbler-40oz-mlb-new-york-mets-christmas-tum-20260923-xi-021/03-main.webp,3,"NYM - Christmas in Queens, A Study in Ornament and Light - main",,,,,,,
tumbler-40oz-mlb-new-york-mets-christmas-tum-20260923-xi-021,,,,,,,,,,,,,,,,,,,,,,,,,https://all-products.taveris.co/products/tumbler-40oz-mlb-new-york-mets-christmas-tum-20260923-xi-021/04-main.webp,4,"NYM - Christmas in Queens, A Study in Ornament and Light - main",,,,,,,
tumbler-40oz-mlb-new-york-mets-christmas-tum-20260923-xi-021,,,,,,,,,,,,,,,,,,,,,,,,,https://all-products.taveris.co/products/tumbler-40oz-mlb-new-york-mets-christmas-tum-20260923-xi-021/05-main.webp,5,"NYM - Christmas in Queens, A Study in Ornament and Light - main",,,,,,,
tumbler-40oz-mlb-philadelphia-phillies-christmas-tum-20260923-xi-022,PHI Christmas - Ornament-Style Holiday Tumbler,"<p>Some holiday designs whisper. This one decorates the whole tree at once. It's a wraparound composition that treats a tumbler like a heirloom ornament, and it fully commits to the idea.</p><h3>Design Story</h3><p>The hierarchy is smarter than the density suggests. A jeweled red ""P"" sits dead center on the focal panel, framed by evergreen boughs, a gold bell-and-bow crown, and two golden reindeer in ribbon collars facing inward — classic symmetry doing the heavy lifting. Below it, a Philadelphia skyline silhouette against deep navy gives the eye a place to rest, then banners take over: ""PHILADELPHIA · EST. 1883"" and ""A PHILLIES CHRISTMAS — BASEBALL BRINGS US TOGETHER,"" anchored by a baseball crossed with bats and flanked by poinsettias. Red, gold and green carry the whole thing. The handle panel repeats the mark with ""PHILLIES PRIDE ALWAYS A PHILLY THING."" Maximalist, yes — but layered, not cluttered.</p><h3>Use &amp; Experience</h3><p>Vertical proportion is what makes it land. The tall drinkware silhouette stacks emblem, skyline and banner in a natural reading order, so the front-facing focal area reads instantly while the wraparound detail rewards a second look. Strong carry presence for a December desk, a stadium morning, or under the tree.</p><h3>Size &amp; Capacity</h3><p>Available capacity: 40 oz.</p><p>Team loyalty and holiday nostalgia in one bold graphic accessory.</p>",Taveris,Home & Garden > Kitchen & Dining > Tableware > Drinkware > Tumblers,Tumbler,"Accessories, Drinkware, Graphic Tumbler, New Arrivals, Tumbler MLB, Tumblers",TRUE,Title,Default Title,,,,,DN-WZP3D4HJ2PDA,,,,deny,manual,49.95,59.95,TRUE,TRUE,,https://all-products.taveris.co/products/tumbler-40oz-mlb-philadelphia-phillies-christmas-tum-20260923-xi-022/01-main.webp,1,PHI Christmas - Ornament-Style Holiday Tumbler - main,FALSE,PHI Phillies Christmas Tumbler - Holiday Baseball Design,,,,active,Tumbler MLB
tumbler-40oz-mlb-philadelphia-phillies-christmas-tum-20260923-xi-022,,,,,,,,,,,,,,,,,,,,,,,,,https://all-products.taveris.co/products/tumbler-40oz-mlb-philadelphia-phillies-christmas-tum-20260923-xi-022/02-main.webp,2,PHI Christmas - Ornament-Style Holiday Tumbler - main,,,,,,,
tumbler-40oz-mlb-philadelphia-phillies-christmas-tum-20260923-xi-022,,,,,,,,,,,,,,,,,,,,,,,,,https://all-products.taveris.co/products/tumbler-40oz-mlb-philadelphia-phillies-christmas-tum-20260923-xi-022/03-main.webp,3,PHI Christmas - Ornament-Style Holiday Tumbler - main,,,,,,,
tumbler-40oz-mlb-philadelphia-phillies-christmas-tum-20260923-xi-022,,,,,,,,,,,,,,,,,,,,,,,,,https://all-products.taveris.co/products/tumbler-40oz-mlb-philadelphia-phillies-christmas-tum-20260923-xi-022/04-main.webp,4,PHI Christmas - Ornament-Style Holiday Tumbler - main,,,,,,,
tumbler-40oz-mlb-philadelphia-phillies-christmas-tum-20260923-xi-022,,,,,,,,,,,,,,,,,,,,,,,,,https://all-products.taveris.co/products/tumbler-40oz-mlb-philadelphia-phillies-christmas-tum-20260923-xi-022/05-main.webp,5,PHI Christmas - Ornament-Style Holiday Tumbler - main,,,,,,,
tumbler-40oz-mlb-san-diego-padres-christmas-tum-20260923-xi-023,SD Midnight Gild - Ornamental Holiday Tumbler,"<p>Black lacquer, brushed gold, a single star at the crown. This is holiday drinkware treated like jewellery rather than seasonal novelty.</p><h3>Design Story</h3><p>The wraparound composition reads in three clear tiers. Up top, an arched band sets the San Diego Padres name between two SD marks. The centre panel carries the focal figure: a bearded Santa in a black and gold coat, calm and smiling, one hand resting on an SD baseball, a bell at his belt. Gilded palms frame him, a skyline and Petco Park banner anchor the base, and a scroll reads GOOD PLAYERS BRIGHTER HOLIDAYS. Below, poinsettias in deep red flank a medallion SD crest with ribbon and ornaments, closing on BASEBALL BRINGS US TOGETHER. The near-black ground does the heavy lifting, letting gold carry the hierarchy without noise.</p><h3>Use &amp; Experience</h3><p>On a vertical tumbler silhouette the layering works in your favour: the Santa panel sits at eye level as the front-facing anchor, while the banded typography follows the curve top and bottom. Even the handle face carries the crest, so carry presence holds from any angle.</p><h3>Size &amp; Capacity</h3><p>Available capacity: 40 oz.</p><p>Quiet luxury for the season, styled in team colours.</p>",Taveris,Home & Garden > Kitchen & Dining > Tableware > Drinkware > Tumblers,Tumbler,"Accessories, Drinkware, Graphic Tumbler, New Arrivals, Tumbler MLB, Tumblers",TRUE,Title,Default Title,,,,,DN-DI6JAMYIX66G,,,,deny,manual,49.95,59.95,TRUE,TRUE,,https://all-products.taveris.co/products/tumbler-40oz-mlb-san-diego-padres-christmas-tum-20260923-xi-023/01-main.webp,1,SD Midnight Gild - Ornamental Holiday Tumbler - main,FALSE,Padres Christmas Tumbler - Gold Santa Holiday Design,,,,active,Tumbler MLB
tumbler-40oz-mlb-san-diego-padres-christmas-tum-20260923-xi-023,,,,,,,,,,,,,,,,,,,,,,,,,https://all-products.taveris.co/products/tumbler-40oz-mlb-san-diego-padres-christmas-tum-20260923-xi-023/02-main.webp,2,SD Midnight Gild - Ornamental Holiday Tumbler - main,,,,,,,
tumbler-40oz-mlb-san-diego-padres-christmas-tum-20260923-xi-023,,,,,,,,,,,,,,,,,,,,,,,,,https://all-products.taveris.co/products/tumbler-40oz-mlb-san-diego-padres-christmas-tum-20260923-xi-023/03-main.webp,3,SD Midnight Gild - Ornamental Holiday Tumbler - main,,,,,,,
tumbler-40oz-mlb-san-diego-padres-christmas-tum-20260923-xi-023,,,,,,,,,,,,,,,,,,,,,,,,,https://all-products.taveris.co/products/tumbler-40oz-mlb-san-diego-padres-christmas-tum-20260923-xi-023/04-main.webp,4,SD Midnight Gild - Ornamental Holiday Tumbler - main,,,,,,,
tumbler-40oz-mlb-san-diego-padres-christmas-tum-20260923-xi-023,,,,,,,,,,,,,,,,,,,,,,,,,https://all-products.taveris.co/products/tumbler-40oz-mlb-san-diego-padres-christmas-tum-20260923-xi-023/05-main.webp,5,SD Midnight Gild - Ornamental Holiday Tumbler - main,,,,,,,
tumbler-40oz-mlb-san-francisco-giants-christmas-tum-20260923-xi-024,"SF - Ornament, Symmetry and the Winter Panel","<p>A holiday composition built with the patience of an heirloom ornament. Nothing moves here; everything is arranged, balanced, and held in place by symmetry.</p><h3>Design Story</h3><p>The artwork organizes itself into three stacked registers. At the centre, an interlocking SF monogram sits jewelled against deep black, flanked by two mirrored stags standing upright in perfect axial balance. Above them, a ribbon and evergreen crown closes the composition; below, a baseball and a scrolled banner reading GIANTS and ORACLE PARK act as a second anchor. The lowest register softens into a night scene of the Golden Gate Bridge with snow-laden pines, then resolves into a small EST. 1958 plaque. Orange, antique gold and green read warm against the black field, and the darkness functions as negative space — it lets every ornament, snowflake and filigree edge breathe rather than crowd. The handle carries its own quiet line of text, ORANGE BLACK FOREVER.</p><h3>Use &amp; Experience</h3><p>On a tall tumbler silhouette the design reads vertically, one register at a time. The monogram holds the front-facing focal panel at eye level, while the wraparound border work continues the pattern around the curve. Carry presence is ornamental rather than loud.</p><h3>Size &amp; Capacity</h3><p>Available capacity: 40 oz.</p><p>A quiet, decorative object — read closely, then set down.</p>",Taveris,Home & Garden > Kitchen & Dining > Tableware > Drinkware > Tumblers,Tumbler,"Accessories, Drinkware, Graphic Tumbler, New Arrivals, Tumbler MLB, Tumblers",TRUE,Title,Default Title,,,,,DN-WPOF4U2MDJBP,,,,deny,manual,49.95,59.95,TRUE,TRUE,,https://all-products.taveris.co/products/tumbler-40oz-mlb-san-francisco-giants-christmas-tum-20260923-xi-024/01-main.webp,1,"SF - Ornament, Symmetry and the Winter Panel - main",FALSE,SF Giants Christmas Tumbler - Ornate Holiday Graphic,,,,active,Tumbler MLB
tumbler-40oz-mlb-san-francisco-giants-christmas-tum-20260923-xi-024,,,,,,,,,,,,,,,,,,,,,,,,,https://all-products.taveris.co/products/tumbler-40oz-mlb-san-francisco-giants-christmas-tum-20260923-xi-024/02-main.webp,2,"SF - Ornament, Symmetry and the Winter Panel - main",,,,,,,
tumbler-40oz-mlb-san-francisco-giants-christmas-tum-20260923-xi-024,,,,,,,,,,,,,,,,,,,,,,,,,https://all-products.taveris.co/products/tumbler-40oz-mlb-san-francisco-giants-christmas-tum-20260923-xi-024/03-main.webp,3,"SF - Ornament, Symmetry and the Winter Panel - main",,,,,,,
tumbler-40oz-mlb-san-francisco-giants-christmas-tum-20260923-xi-024,,,,,,,,,,,,,,,,,,,,,,,,,https://all-products.taveris.co/products/tumbler-40oz-mlb-san-francisco-giants-christmas-tum-20260923-xi-024/04-main.webp,4,"SF - Ornament, Symmetry and the Winter Panel - main",,,,,,,
tumbler-40oz-mlb-san-francisco-giants-christmas-tum-20260923-xi-024,,,,,,,,,,,,,,,,,,,,,,,,,https://all-products.taveris.co/products/tumbler-40oz-mlb-san-francisco-giants-christmas-tum-20260923-xi-024/05-main.webp,5,"SF - Ornament, Symmetry and the Winter Panel - main",,,,,,,
tumbler-40oz-mlb-seattle-mariners-christmas-tum-20260923-xi-017,SEA Winter Compass - Ornamental Holiday Tumbler Composition,"<p>A quiet, ceremonial piece of drinkware graphics. Everything here is arranged, not thrown — a composition built to be read slowly from every angle.</p><h3>Design Story</h3><p>The focal panel centres a teal compass-rose monogram, faceted with crystal-like detailing and framed by gilded scrollwork, evergreen boughs and red berries. Two stags flank the emblem in mirrored symmetry, while a robed winter figure with a lantern sits in the upper left, balanced by banner text reading SEASONS BRING US TOGETHER. Below, a snow-lit skyline with a needle tower, waterfront and ferris wheel grounds the composition, then resolves into a ribbon reading SEATTLE MARINERS and a baseball ornament tied with a bow. Deep navy holds the background so the gold and ice-white detailing can carry the hierarchy. The handle panel repeats the motif in miniature with SEA US RISE.</p><h3>Use &amp; Experience</h3><p>On a tall tumbler silhouette the artwork behaves like a continuous wraparound frieze: crest at eye level, cityscape at the waist, ornament at the base. The vertical proportion gives the layered detail room to breathe, and the banded top and bottom borders read as trim rather than clutter. Carry presence is statement-level but formal — a considered accessory rather than a loud one.</p><h3>Size &amp; Capacity</h3><p>Available capacity: 40 oz.</p><p>Heritage styling, winter palette, composed from lid to base.</p>",Taveris,Home & Garden > Kitchen & Dining > Tableware > Drinkware > Tumblers,Tumbler,"Accessories, Drinkware, Graphic Tumbler, New Arrivals, Tumbler MLB, Tumblers",TRUE,Title,Default Title,,,,,DN-DEARBEZC2JFW,,,,deny,manual,49.95,59.95,TRUE,TRUE,,https://all-products.taveris.co/products/tumbler-40oz-mlb-seattle-mariners-christmas-tum-20260923-xi-017/01-main.webp,1,SEA Winter Compass - Ornamental Holiday Tumbler Composition - main,FALSE,SEA Mariners Tumbler - Seattle Winter Holiday Design,,,,active,Tumbler MLB
tumbler-40oz-mlb-seattle-mariners-christmas-tum-20260923-xi-017,,,,,,,,,,,,,,,,,,,,,,,,,https://all-products.taveris.co/products/tumbler-40oz-mlb-seattle-mariners-christmas-tum-20260923-xi-017/02-main.webp,2,SEA Winter Compass - Ornamental Holiday Tumbler Composition - main,,,,,,,
tumbler-40oz-mlb-seattle-mariners-christmas-tum-20260923-xi-017,,,,,,,,,,,,,,,,,,,,,,,,,https://all-products.taveris.co/products/tumbler-40oz-mlb-seattle-mariners-christmas-tum-20260923-xi-017/03-main.webp,3,SEA Winter Compass - Ornamental Holiday Tumbler Composition - main,,,,,,,
tumbler-40oz-mlb-seattle-mariners-christmas-tum-20260923-xi-017,,,,,,,,,,,,,,,,,,,,,,,,,https://all-products.taveris.co/products/tumbler-40oz-mlb-seattle-mariners-christmas-tum-20260923-xi-017/04-main.webp,4,SEA Winter Compass - Ornamental Holiday Tumbler Composition - main,,,,,,,
tumbler-40oz-mlb-seattle-mariners-christmas-tum-20260923-xi-017,,,,,,,,,,,,,,,,,,,,,,,,,https://all-products.taveris.co/products/tumbler-40oz-mlb-seattle-mariners-christmas-tum-20260923-xi-017/05-main.webp,5,SEA Winter Compass - Ornamental Holiday Tumbler Composition - main,,,,,,,
tumbler-40oz-nba-halloween-tum-20260923-xi-007,CHI Dark Elegance - Jeweled Bull Crest Tumbler,"<p>Some graphics shout. This one glitters and lets you come closer. The bull crest sits dead center, crystal-set and unmoving, staring out from a field of black and blood-red scrollwork — and it holds the room without lifting a hoof.</p><h3>Design Story</h3><p>The composition is pure symmetry. A horned bull head, rendered in pavé-style stones with glowing red eyes, anchors the front panel at eye level. Above and below it, gold-framed diamond ornaments stack along the vertical axis like a crest on a banner, while lacquered red filigree curls outward into the deep black ground. That contrast is the whole trick: high-gloss crimson against matte darkness, with gold piping drawing the eye exactly where the designer wants it. The red accents on the lid and handle close the loop, so the color story reads from every angle.</p><h3>Use &amp; Experience</h3><p>On a tumbler's tall vertical silhouette, this kind of layered ornament is ideal — the crest lands on the front-facing focal area, the scrollwork wraps the curve without a dead zone, and the gold banding at the base gives the whole thing a finished frame. It's a bold graphic accessory, not a quiet one.</p><h3>Size &amp; Capacity</h3><p>Available capacity: 40 oz.</p><p>Gothic ornament, basketball heritage, zero apologies. Carry the crest.</p>",Taveris,Home & Garden > Kitchen & Dining > Tableware > Drinkware > Tumblers,Tumbler,"Accessories, Drinkware, Graphic Tumbler, New Arrivals, Tumbler NBA, Tumblers",TRUE,Title,Default Title,,,,,DN-3RLZRMMTFLQL,,,,deny,manual,49.95,59.95,TRUE,TRUE,,https://all-products.taveris.co/products/tumbler-40oz-nba-halloween-tum-20260923-xi-007/01-main.webp,1,CHI Dark Elegance - Jeweled Bull Crest Tumbler - main,FALSE,Chicago Bulls Tumbler - Jeweled Bull Crest Gothic Design,,,,active,Tumbler NBA
tumbler-40oz-nba-halloween-tum-20260923-xi-007,,,,,,,,,,,,,,,,,,,,,,,,,https://all-products.taveris.co/products/tumbler-40oz-nba-halloween-tum-20260923-xi-007/02-main.webp,2,CHI Dark Elegance - Jeweled Bull Crest Tumbler - main,,,,,,,
tumbler-40oz-nba-halloween-tum-20260923-xi-007,,,,,,,,,,,,,,,,,,,,,,,,,https://all-products.taveris.co/products/tumbler-40oz-nba-halloween-tum-20260923-xi-007/03-main.webp,3,CHI Dark Elegance - Jeweled Bull Crest Tumbler - main,,,,,,,
tumbler-40oz-nba-halloween-tum-20260923-xi-007,,,,,,,,,,,,,,,,,,,,,,,,,https://all-products.taveris.co/products/tumbler-40oz-nba-halloween-tum-20260923-xi-007/04-main.webp,4,CHI Dark Elegance - Jeweled Bull Crest Tumbler - main,,,,,,,
tumbler-40oz-nba-halloween-tum-20260923-xi-007,,,,,,,,,,,,,,,,,,,,,,,,,https://all-products.taveris.co/products/tumbler-40oz-nba-halloween-tum-20260923-xi-007/05-main.webp,5,CHI Dark Elegance - Jeweled Bull Crest Tumbler - main,,,,,,,
tumbler-40oz-nba-halloween-tum-20260923-xi-008,DAL Midnight Bloodline - Sapphire Gothic Tumbler Composition,"<p>A horse head rendered in obsidian and gilt, held perfectly still against a wall of sapphire filigree. Nothing moves here. That restraint is exactly the point.</p><h3>Design Story</h3><p>The composition reads top to bottom: a crowned lattice band at the lid line, then the ornamental portrait panel where a single blue-lit eye anchors the focal point, then a circular team roundel set like a medallion near the base. Blue, gold and near-black do all the work — no third accent, no clutter. Diamond motifs and cathedral scrollwork repeat at a consistent scale so the eye travels rather than stops, and the ornamental frame leaves just enough dark negative space for the metallic linework to read cleanly.</p><h3>Use &amp; Experience</h3><p>On a tall tumbler silhouette, that vertical hierarchy is the whole design. The portrait sits at hand height, the roundel lands low where it stays visible in a grip, and the wraparound filigree keeps the piece composed from every angle. The handle repeats the blue-and-gold language, so the object reads as one finished accessory rather than a graphic applied to a cup.</p><h3>Size &amp; Capacity</h3><p>Available capacity: 40 oz.</p><p>Quiet, ornamental, unmistakably yours — a piece of drinkware that carries like jewellery.</p>",Taveris,Home & Garden > Kitchen & Dining > Tableware > Drinkware > Tumblers,Tumbler,"Accessories, Drinkware, Graphic Tumbler, New Arrivals, Tumbler NBA, Tumblers",TRUE,Title,Default Title,,,,,DN-EJAHH4TUFTAE,,,,deny,manual,49.95,59.95,TRUE,TRUE,,https://all-products.taveris.co/products/tumbler-40oz-nba-halloween-tum-20260923-xi-008/01-main.webp,1,DAL Midnight Bloodline - Sapphire Gothic Tumbler Composition - main,FALSE,Dallas Mavericks Tumbler - Gothic Blue Horse Graphic,,,,active,Tumbler NBA
tumbler-40oz-nba-halloween-tum-20260923-xi-008,,,,,,,,,,,,,,,,,,,,,,,,,https://all-products.taveris.co/products/tumbler-40oz-nba-halloween-tum-20260923-xi-008/02-main.webp,2,DAL Midnight Bloodline - Sapphire Gothic Tumbler Composition - main,,,,,,,
tumbler-40oz-nba-halloween-tum-20260923-xi-008,,,,,,,,,,,,,,,,,,,,,,,,,https://all-products.taveris.co/products/tumbler-40oz-nba-halloween-tum-20260923-xi-008/03-main.webp,3,DAL Midnight Bloodline - Sapphire Gothic Tumbler Composition - main,,,,,,,
tumbler-40oz-nba-halloween-tum-20260923-xi-008,,,,,,,,,,,,,,,,,,,,,,,,,https://all-products.taveris.co/products/tumbler-40oz-nba-halloween-tum-20260923-xi-008/04-main.webp,4,DAL Midnight Bloodline - Sapphire Gothic Tumbler Composition - main,,,,,,,
tumbler-40oz-nba-halloween-tum-20260923-xi-008,,,,,,,,,,,,,,,,,,,,,,,,,https://all-products.taveris.co/products/tumbler-40oz-nba-halloween-tum-20260923-xi-008/05-main.webp,5,DAL Midnight Bloodline - Sapphire Gothic Tumbler Composition - main,,,,,,,
tumbler-40oz-nba-halloween-tum-20260923-xi-009,BOS Emerald Regalia - Jeweled Crown and Lantern Tumbler,"<p>Green and gold, treated like jewellery rather than team colour. This is a drinkware silhouette styled with the confidence of a heirloom piece.</p><h3>Design Story</h3><p>The composition is strictly vertical and strictly symmetrical. A circular emblem panel sits at the upper third, ringed in pavé-style stones and topped with a jewelled crown motif — the classic leprechaun figure, pipe, ball and cane, calm and self-assured. Below it, a second crown crests a carved jack-o'-lantern face whose cut grin glows warm against deep emerald. Gold scrollwork threads between the two anchors, filling the field with baroque rhythm while the quilted green lattice keeps the background reading as tone, not noise. Two focal points, one axis, zero clutter.</p><h3>Use &amp; Experience</h3><p>On a tumbler, that hierarchy matters. The emblem lands at natural eye level when the vessel is held, the lantern carries the lower body, and the wraparound ornament resolves cleanly around the handle side so nothing important is hidden by the grip. Lid and handle read as part of the palette rather than interruptions.</p><h3>Size &amp; Capacity</h3><p>Available capacity: 40 oz.</p><p>Seasonal ornament with team allegiance built in — quiet in posture, loud in presence.</p>",Taveris,Home & Garden > Kitchen & Dining > Tableware > Drinkware > Tumblers,Tumbler,"Accessories, Drinkware, Graphic Tumbler, New Arrivals, Tumbler NBA, Tumblers",TRUE,Title,Default Title,,,,,DN-ZJJ3L5ZPOBDL,,,,deny,manual,49.95,59.95,TRUE,TRUE,,https://all-products.taveris.co/products/tumbler-40oz-nba-halloween-tum-20260923-xi-009/01-main.webp,1,BOS Emerald Regalia - Jeweled Crown and Lantern Tumbler - main,FALSE,Boston Celtics Tumbler - Emerald Jewel Halloween Design,,,,active,Tumbler NBA
tumbler-40oz-nba-halloween-tum-20260923-xi-009,,,,,,,,,,,,,,,,,,,,,,,,,https://all-products.taveris.co/products/tumbler-40oz-nba-halloween-tum-20260923-xi-009/02-main.webp,2,BOS Emerald Regalia - Jeweled Crown and Lantern Tumbler - main,,,,,,,
tumbler-40oz-nba-halloween-tum-20260923-xi-009,,,,,,,,,,,,,,,,,,,,,,,,,https://all-products.taveris.co/products/tumbler-40oz-nba-halloween-tum-20260923-xi-009/03-main.webp,3,BOS Emerald Regalia - Jeweled Crown and Lantern Tumbler - main,,,,,,,
tumbler-40oz-nba-halloween-tum-20260923-xi-009,,,,,,,,,,,,,,,,,,,,,,,,,https://all-products.taveris.co/products/tumbler-40oz-nba-halloween-tum-20260923-xi-009/04-main.webp,4,BOS Emerald Regalia - Jeweled Crown and Lantern Tumbler - main,,,,,,,
tumbler-40oz-nba-halloween-tum-20260923-xi-009,,,,,,,,,,,,,,,,,,,,,,,,,https://all-products.taveris.co/products/tumbler-40oz-nba-halloween-tum-20260923-xi-009/05-main.webp,5,BOS Emerald Regalia - Jeweled Crown and Lantern Tumbler - main,,,,,,,
tumbler-40oz-nba-halloween-tum-20260923-xi-010,MIA Gilded Court - Crowned Skull Baroque Tumbler,"<p>A drinkware silhouette treated like a jewellery piece. Deep oxblood red, blackened lacquer tones and warm gold read as one considered palette rather than a print dropped onto a cup.</p><h3>Design Story</h3><p>The wraparound composition is built on two stacked focal points. Upper panel: a circular black medallion holding the Miami Heat flaming basketball emblem, framed by a crowned halo of clear and ruby-toned stones. Below it, a crowned skull sits centred and perfectly still, red gem eyes catching light against gilded scrollwork and carved flame shapes. Filigree fills the remaining surface in a dense, symmetrical rhythm, while the dark ground acts as negative space so the gold never turns into noise. Diamond-shaped accents mark the vertical axis top to bottom, pulling the eye down the full height of the vessel.</p><h3>Use &amp; Experience</h3><p>Vertical proportion is doing the work here. The medallion sits at eye level when the tumbler is held, the skull anchors the lower body, and the handle in glossy black with gold hardware keeps the front panel uninterrupted. It reads as a bold graphic accessory on a desk or countertop, high-contrast enough to hold its own in a dark interior.</p><h3>Size &amp; Capacity</h3><p>Available capacity: 40 oz.</p><p>Quiet in movement, loud in detail. Ornament as attitude.</p>",Taveris,Home & Garden > Kitchen & Dining > Tableware > Drinkware > Tumblers,Tumbler,"Accessories, Drinkware, Graphic Tumbler, New Arrivals, Tumbler NBA, Tumblers",TRUE,Title,Default Title,,,,,DN-DILFIGNADJ3G,,,,deny,manual,49.95,59.95,TRUE,TRUE,,https://all-products.taveris.co/products/tumbler-40oz-nba-halloween-tum-20260923-xi-010/01-main.webp,1,MIA Gilded Court - Crowned Skull Baroque Tumbler - main,FALSE,Miami Heat Tumbler - Gold Baroque Skull Crown Design,,,,active,Tumbler NBA
tumbler-40oz-nba-halloween-tum-20260923-xi-010,,,,,,,,,,,,,,,,,,,,,,,,,https://all-products.taveris.co/products/tumbler-40oz-nba-halloween-tum-20260923-xi-010/02-main.webp,2,MIA Gilded Court - Crowned Skull Baroque Tumbler - main,,,,,,,
tumbler-40oz-nba-halloween-tum-20260923-xi-010,,,,,,,,,,,,,,,,,,,,,,,,,https://all-products.taveris.co/products/tumbler-40oz-nba-halloween-tum-20260923-xi-010/03-main.webp,3,MIA Gilded Court - Crowned Skull Baroque Tumbler - main,,,,,,,
tumbler-40oz-nba-halloween-tum-20260923-xi-010,,,,,,,,,,,,,,,,,,,,,,,,,https://all-products.taveris.co/products/tumbler-40oz-nba-halloween-tum-20260923-xi-010/04-main.webp,4,MIA Gilded Court - Crowned Skull Baroque Tumbler - main,,,,,,,
tumbler-40oz-nba-halloween-tum-20260923-xi-010,,,,,,,,,,,,,,,,,,,,,,,,,https://all-products.taveris.co/products/tumbler-40oz-nba-halloween-tum-20260923-xi-010/05-main.webp,5,MIA Gilded Court - Crowned Skull Baroque Tumbler - main,,,,,,,
tumbler-40oz-nba-halloween-tum-20260923-xi-011,Crowned in Blue - OKC Halloween Jewel Skull Tumbler,"<p>Some graphics whisper. This one holds court. A jeweled skull wearing a gold crown sits dead-center on the tumbler, staring out with two blue gemstone eyes, and it refuses to be ignored.</p><h3>Design Story</h3><p>The composition is smart because it stacks. Crown at the top, skull in the middle, and the OKC Thunder shield anchoring the lower panel — a clean vertical hierarchy that reads instantly from across a room. Sapphire diamonds, gold filigree scrollwork and stylized lightning bolts fill the black background without swallowing the focal point, because the artist kept the skull's face relatively open while the ornament crowds the edges. Orange accents at the base echo the jack-o'-lantern glow in the scene, tying the Halloween mood to the team palette instead of fighting it. Contrast is the whole trick here: warm gold against deep navy, hard skull shape against soft glitter noise.</p><h3>Use &amp; Experience</h3><p>On a tall tumbler silhouette, that vertical stack is the right call. The crown sits high near the lid line, the skull lands at eye level, and the team shield holds the lower third — so the wraparound composition stays readable whether it's on a desk, in a hand, or catching light mid-carry. Handle side stays quieter, which keeps the front panel the star.</p><h3>Size &amp; Capacity</h3><p>Available capacity: 40 oz.</p><p>Team pride with a darker, more ornamental attitude — this one carries like a statement piece.</p>",Taveris,Home & Garden > Kitchen & Dining > Tableware > Drinkware > Tumblers,Tumbler,"Accessories, Drinkware, Graphic Tumbler, New Arrivals, Tumbler NBA, Tumblers",TRUE,Title,Default Title,,,,,DN-S56LGPOW4KIP,,,,deny,manual,49.95,59.95,TRUE,TRUE,,https://all-products.taveris.co/products/tumbler-40oz-nba-halloween-tum-20260923-xi-011/01-main.webp,1,Crowned in Blue - OKC Halloween Jewel Skull Tumbler - main,FALSE,OKC Thunder Tumbler - Crowned Skull Halloween Design,,,,active,Tumbler NBA
tumbler-40oz-nba-halloween-tum-20260923-xi-011,,,,,,,,,,,,,,,,,,,,,,,,,https://all-products.taveris.co/products/tumbler-40oz-nba-halloween-tum-20260923-xi-011/02-main.webp,2,Crowned in Blue - OKC Halloween Jewel Skull Tumbler - main,,,,,,,
tumbler-40oz-nba-halloween-tum-20260923-xi-011,,,,,,,,,,,,,,,,,,,,,,,,,https://all-products.taveris.co/products/tumbler-40oz-nba-halloween-tum-20260923-xi-011/03-main.webp,3,Crowned in Blue - OKC Halloween Jewel Skull Tumbler - main,,,,,,,
tumbler-40oz-nba-halloween-tum-20260923-xi-011,,,,,,,,,,,,,,,,,,,,,,,,,https://all-products.taveris.co/products/tumbler-40oz-nba-halloween-tum-20260923-xi-011/04-main.webp,4,Crowned in Blue - OKC Halloween Jewel Skull Tumbler - main,,,,,,,
tumbler-40oz-nba-halloween-tum-20260923-xi-011,,,,,,,,,,,,,,,,,,,,,,,,,https://all-products.taveris.co/products/tumbler-40oz-nba-halloween-tum-20260923-xi-011/05-main.webp,5,Crowned in Blue - OKC Halloween Jewel Skull Tumbler - main,,,,,,,
tumbler-40oz-nba-halloween-tum-20260923-xi-012,NYK After Dark - Jeweled Pumpkin Tumbler,"<p>Some drinkware whispers. This one holds the room. A midnight-blue tumbler crusted in faux gemstones, lit by a grinning orange glow, standing against a skyline that already knows it's October.</p><h3>Design Story</h3><p>The composition is smarter than it first looks. Two focal points stack vertically: the crowned New York Knicks emblem up top, orange basketball centered in blue and silver, and a carved jack-o'-lantern face below, rendered in faceted amber with a warm inner burn. Gold filigree scrolls connect them, while blue and clear diamond shapes run the borders like a jeweled frame. That vertical stacking is the whole trick — your eye climbs from the glowing grin to the crown and back down. Blue against orange does the contrast work; the gold scrollwork keeps it from feeling loud.</p><h3>Use &amp; Experience</h3><p>On a tall tumbler silhouette, this kind of layered composition earns its space. The emblem sits at natural eye level as the front-facing focal panel, the pumpkin anchors the lower body, and the ornate borders carry the pattern around the wrap so there's no dead angle. The dark base keeps the graphic scale readable rather than chaotic, and the deep navy handle reads as a clean visual break against all that detail. Real carry presence — a bold graphic accessory more than a plain cup.</p><h3>Size &amp; Capacity</h3><p>Available capacity: 40 oz.</p><p>Team pride with the lights turned low. That's the whole appeal.</p>",Taveris,Home & Garden > Kitchen & Dining > Tableware > Drinkware > Tumblers,Tumbler,"Accessories, Drinkware, Graphic Tumbler, New Arrivals, Tumbler NBA, Tumblers",TRUE,Title,Default Title,,,,,DN-2KSPTYUUY7YD,,,,deny,manual,49.95,59.95,TRUE,TRUE,,https://all-products.taveris.co/products/tumbler-40oz-nba-halloween-tum-20260923-xi-012/01-main.webp,1,NYK After Dark - Jeweled Pumpkin Tumbler - main,FALSE,New York Knicks Halloween Tumbler - Jeweled Pumpkin Art,,,,active,Tumbler NBA
tumbler-40oz-nba-halloween-tum-20260923-xi-012,,,,,,,,,,,,,,,,,,,,,,,,,https://all-products.taveris.co/products/tumbler-40oz-nba-halloween-tum-20260923-xi-012/02-main.webp,2,NYK After Dark - Jeweled Pumpkin Tumbler - main,,,,,,,
tumbler-40oz-nba-halloween-tum-20260923-xi-012,,,,,,,,,,,,,,,,,,,,,,,,,https://all-products.taveris.co/products/tumbler-40oz-nba-halloween-tum-20260923-xi-012/03-main.webp,3,NYK After Dark - Jeweled Pumpkin Tumbler - main,,,,,,,
tumbler-40oz-nba-halloween-tum-20260923-xi-012,,,,,,,,,,,,,,,,,,,,,,,,,https://all-products.taveris.co/products/tumbler-40oz-nba-halloween-tum-20260923-xi-012/04-main.webp,4,NYK After Dark - Jeweled Pumpkin Tumbler - main,,,,,,,
tumbler-40oz-nba-halloween-tum-20260923-xi-012,,,,,,,,,,,,,,,,,,,,,,,,,https://all-products.taveris.co/products/tumbler-40oz-nba-halloween-tum-20260923-xi-012/05-main.webp,5,NYK After Dark - Jeweled Pumpkin Tumbler - main,,,,,,,
tumbler-40oz-nba-halloween-tum-20260923-xi-013,GSW Regalia - Crowned Skull Wraparound Tumbler,"<p>Some graphics decorate a surface. This one behaves like ornament on an heirloom object, built to be read from across a room and then again up close.</p><h3>Design Story</h3><p>The composition is strictly vertical and strictly symmetrical. A skull sits beneath a jeweled crown, one eye socket covered by a patch carrying the Bay Bridge emblem, the other set with a deep blue stone. Crossed sword forms frame it, chain-like linework drapes the shoulders of the design, and a gem-studded basketball anchors the lower half with the blue and gold bridge mark at its centre. Everything below resolves into scrollwork and a single diamond-cut accent. The palette is disciplined: black ground, warm gold ornament, one saturated royal blue. That restraint is why the detail reads rather than collapses.</p><h3>Use &amp; Experience</h3><p>On a tumbler silhouette the artwork works as a wraparound panel with a clear front-facing focal point at hand height, so the crown and skull stay visible whether it sits on a desk or travels with you. The dark ground gives the gold ornament somewhere to breathe, the handle side keeps negative space, and the vertical proportion lets the crown, skull and ball stack into a clean hierarchy. Statement level: high, but controlled.</p><h3>Size &amp; Capacity</h3><p>Available capacity: 40 oz.</p><p>Quiet colour, loud craft - drinkware styled like regalia.</p>",Taveris,Home & Garden > Kitchen & Dining > Tableware > Drinkware > Tumblers,Tumbler,"Accessories, Drinkware, Graphic Tumbler, New Arrivals, Tumbler NBA, Tumblers",TRUE,Title,Default Title,,,,,DN-S3ZB5YJIHR7K,,,,deny,manual,49.95,59.95,TRUE,TRUE,,https://all-products.taveris.co/products/tumbler-40oz-nba-halloween-tum-20260923-xi-013/01-main.webp,1,GSW Regalia - Crowned Skull Wraparound Tumbler - main,FALSE,GSW Tumbler - Crowned Skull Golden State Warriors Design,,,,active,Tumbler NBA
tumbler-40oz-nba-halloween-tum-20260923-xi-013,,,,,,,,,,,,,,,,,,,,,,,,,https://all-products.taveris.co/products/tumbler-40oz-nba-halloween-tum-20260923-xi-013/02-main.webp,2,GSW Regalia - Crowned Skull Wraparound Tumbler - main,,,,,,,
tumbler-40oz-nba-halloween-tum-20260923-xi-013,,,,,,,,,,,,,,,,,,,,,,,,,https://all-products.taveris.co/products/tumbler-40oz-nba-halloween-tum-20260923-xi-013/03-main.webp,3,GSW Regalia - Crowned Skull Wraparound Tumbler - main,,,,,,,
tumbler-40oz-nba-halloween-tum-20260923-xi-013,,,,,,,,,,,,,,,,,,,,,,,,,https://all-products.taveris.co/products/tumbler-40oz-nba-halloween-tum-20260923-xi-013/04-main.webp,4,GSW Regalia - Crowned Skull Wraparound Tumbler - main,,,,,,,
tumbler-40oz-nba-halloween-tum-20260923-xi-013,,,,,,,,,,,,,,,,,,,,,,,,,https://all-products.taveris.co/products/tumbler-40oz-nba-halloween-tum-20260923-xi-013/05-main.webp,5,GSW Regalia - Crowned Skull Wraparound Tumbler - main,,,,,,,
tumbler-40oz-nba-halloween-tum-20260923-xi-014,"SAS Same Passion, Darker Nights - Gothic Skull Tumbler","<p>Some designs shout. This one just stands there in the candlelight and dares you to look away. A gold-chained skull in a tooled cowboy hat, set against black, with a banner behind it reading ""Same Passion, Darker Nights."" That line does a lot of heavy lifting.</p><h3>Design Story</h3><p>The composition works because it is built in clear vertical layers. Up top, the hat carries the silver spur emblem and a star — the recognition point. Below it, the skull sits dead center as the visual anchor, one eye shadowed, expression closed and unreadable. Under that, crossed revolvers and a diamond motif close the panel out. Gold chainwork and faceted black stones fill the negative space instead of crowding it, so the eye still lands where it should. The palette is disciplined: warm metallic gold against deep black, with cool silver in the emblem. That contrast is why the graphic reads from across a room without ever feeling loud.</p><h3>Use &amp; Experience</h3><p>On a tumbler, verticality is everything, and this artwork uses it properly. The wraparound composition stacks hat, skull and crossed guns down the front-facing focal panel, so the strongest element sits right at eye level when the tumbler is held or set down. The chain lattice continues around the silhouette, keeping the design coherent from any angle. Beside the black handle, the gold reads even warmer. It is a bold graphic accessory for a desk, a tailgate, or a game-night counter.</p><h3>Size &amp; Capacity</h3><p>Available capacity: 40 oz.</p><p>Team pride, dressed for the dark half of the year.</p>",Taveris,Home & Garden > Kitchen & Dining > Tableware > Drinkware > Tumblers,Tumbler,"Accessories, Drinkware, Graphic Tumbler, New Arrivals, Tumbler NBA, Tumblers",TRUE,Title,Default Title,,,,,DN-KZUDE4VBYRA7,,,,deny,manual,49.95,59.95,TRUE,TRUE,,https://all-products.taveris.co/products/tumbler-40oz-nba-halloween-tum-20260923-xi-014/01-main.webp,1,"SAS Same Passion, Darker Nights - Gothic Skull Tumbler - main",FALSE,Spurs Skull Tumbler - Gothic Gold Chain Cowboy Design,,,,active,Tumbler NBA
tumbler-40oz-nba-halloween-tum-20260923-xi-014,,,,,,,,,,,,,,,,,,,,,,,,,https://all-products.taveris.co/products/tumbler-40oz-nba-halloween-tum-20260923-xi-014/02-main.webp,2,"SAS Same Passion, Darker Nights - Gothic Skull Tumbler - main",,,,,,,
tumbler-40oz-nba-halloween-tum-20260923-xi-014,,,,,,,,,,,,,,,,,,,,,,,,,https://all-products.taveris.co/products/tumbler-40oz-nba-halloween-tum-20260923-xi-014/03-main.webp,3,"SAS Same Passion, Darker Nights - Gothic Skull Tumbler - main",,,,,,,
tumbler-40oz-nba-halloween-tum-20260923-xi-014,,,,,,,,,,,,,,,,,,,,,,,,,https://all-products.taveris.co/products/tumbler-40oz-nba-halloween-tum-20260923-xi-014/04-main.webp,4,"SAS Same Passion, Darker Nights - Gothic Skull Tumbler - main",,,,,,,
tumbler-40oz-nba-halloween-tum-20260923-xi-014,,,,,,,,,,,,,,,,,,,,,,,,,https://all-products.taveris.co/products/tumbler-40oz-nba-halloween-tum-20260923-xi-014/05-main.webp,5,"SAS Same Passion, Darker Nights - Gothic Skull Tumbler - main",,,,,,,
tumbler-40oz-nba-halloween-tum-20260923-xi-015,Gilded Nightfall - LAL Jewelled Gothic Tumbler,"<p>Some drinkware decorates. This one sets a mood. A black lacquered ground, gold filigree and cathedral-candle warmth build a piece that reads like jewellery before it reads like a cup.</p><h3>Design Story</h3><p>The focal panel is a gold basketball carrying the Los Angeles Lakers wordmark in purple, held by a skeletal hand that curves over the ball rather than crushing it — still, deliberate, quietly theatrical. Around it the composition wraps in layers: draped chain work, spun web motifs near the lid, marquise-cut amethyst and clear stones set like a collar, and two small gold skulls anchoring the base. The palette is disciplined — black, antique gold, royal purple — so the ornament never turns noisy. Vertical proportion does the rest, letting the eye climb from skulls to gems to logo to lid.</p><h3>Use &amp; Experience</h3><p>On a tumbler silhouette, that centred focal panel sits exactly where the hand and eye land, while the darker upper and lower bands act as negative space and keep the graphic scale from overwhelming the form. The handle's black mass balances the gold detailing instead of competing with it. High carry presence, high statement level — a considered accessory for desk, courtside or late-October evenings.</p><h3>Size &amp; Capacity</h3><p>Available capacity: 40 oz.</p><p>Gothic restraint in team colours — worn, not just carried.</p>",Taveris,Home & Garden > Kitchen & Dining > Tableware > Drinkware > Tumblers,Tumbler,"Accessories, Drinkware, Graphic Tumbler, New Arrivals, Tumbler NBA, Tumblers",TRUE,Title,Default Title,,,,,DN-ZATBCOR42OYI,,,,deny,manual,49.95,59.95,TRUE,TRUE,,https://all-products.taveris.co/products/tumbler-40oz-nba-halloween-tum-20260923-xi-015/01-main.webp,1,Gilded Nightfall - LAL Jewelled Gothic Tumbler - main,FALSE,Lakers Gothic Skull Tumbler - Gold Chain Halloween Art,,,,active,Tumbler NBA
tumbler-40oz-nba-halloween-tum-20260923-xi-015,,,,,,,,,,,,,,,,,,,,,,,,,https://all-products.taveris.co/products/tumbler-40oz-nba-halloween-tum-20260923-xi-015/02-main.webp,2,Gilded Nightfall - LAL Jewelled Gothic Tumbler - main,,,,,,,
tumbler-40oz-nba-halloween-tum-20260923-xi-015,,,,,,,,,,,,,,,,,,,,,,,,,https://all-products.taveris.co/products/tumbler-40oz-nba-halloween-tum-20260923-xi-015/03-main.webp,3,Gilded Nightfall - LAL Jewelled Gothic Tumbler - main,,,,,,,
tumbler-40oz-nba-halloween-tum-20260923-xi-015,,,,,,,,,,,,,,,,,,,,,,,,,https://all-products.taveris.co/products/tumbler-40oz-nba-halloween-tum-20260923-xi-015/04-main.webp,4,Gilded Nightfall - LAL Jewelled Gothic Tumbler - main,,,,,,,
tumbler-40oz-nba-halloween-tum-20260923-xi-015,,,,,,,,,,,,,,,,,,,,,,,,,https://all-products.taveris.co/products/tumbler-40oz-nba-halloween-tum-20260923-xi-015/05-main.webp,5,Gilded Nightfall - LAL Jewelled Gothic Tumbler - main,,,,,,,
tumbler-40oz-nba-halloween-tum-20260923-xi-016,PHI Reaper - Midnight Blue and Gilded Tumbler Presence,"<p>A quiet, upright figure in deep blue, framed in gold. Nothing here is rushing — the composition simply holds its ground and lets you look.</p><h3>Design Story</h3><p>A hooded skeletal figure stands centred and still, both hands closed around a vertical staff, red eyes reading calm rather than confrontational. The palette is disciplined: royal blue drapery, warm gilded scrollwork, small red accents, and cool white sparkle scattered like stars. Below the figure sits a circular 76ers emblem, the strongest focal anchor in the layout, with a Liberty Bell motif and ornate filigree closing the base. Vertical folds in the robe echo the tall proportion of the vessel, so the eye travels top to bottom in one clean line.</p><h3>Use &amp; Experience</h3><p>On a tumbler silhouette, this layout is well judged. The face and hood occupy the upper third, the emblem lands at natural eye level on the front panel, and the ornamental base acts as a visual plinth. The wraparound detail keeps the sides busy without competing with the focal panel, and the dark ground gives the gold accents room to read from across a room. Handle-side space stays open, so the graphic never feels cropped in the hand.</p><h3>Size &amp; Capacity</h3><p>Available capacity: 40 oz.</p><p>Restrained colour, strong centre, Philadelphia attitude — a considered piece of carry presence.</p>",Taveris,Home & Garden > Kitchen & Dining > Tableware > Drinkware > Tumblers,Tumbler,"Accessories, Drinkware, Graphic Tumbler, New Arrivals, Tumbler NBA, Tumblers",TRUE,Title,Default Title,,,,,DN-QOG5XSSXLSBT,,,,deny,manual,49.95,59.95,TRUE,TRUE,,https://all-products.taveris.co/products/tumbler-40oz-nba-halloween-tum-20260923-xi-016/01-main.webp,1,PHI Reaper - Midnight Blue and Gilded Tumbler Presence - main,FALSE,Philadelphia 76ers Tumbler - Hooded Reaper Graphic,,,,active,Tumbler NBA
tumbler-40oz-nba-halloween-tum-20260923-xi-016,,,,,,,,,,,,,,,,,,,,,,,,,https://all-products.taveris.co/products/tumbler-40oz-nba-halloween-tum-20260923-xi-016/02-main.webp,2,PHI Reaper - Midnight Blue and Gilded Tumbler Presence - main,,,,,,,
tumbler-40oz-nba-halloween-tum-20260923-xi-016,,,,,,,,,,,,,,,,,,,,,,,,,https://all-products.taveris.co/products/tumbler-40oz-nba-halloween-tum-20260923-xi-016/03-main.webp,3,PHI Reaper - Midnight Blue and Gilded Tumbler Presence - main,,,,,,,
tumbler-40oz-nba-halloween-tum-20260923-xi-016,,,,,,,,,,,,,,,,,,,,,,,,,https://all-products.taveris.co/products/tumbler-40oz-nba-halloween-tum-20260923-xi-016/04-main.webp,4,PHI Reaper - Midnight Blue and Gilded Tumbler Presence - main,,,,,,,
tumbler-40oz-nba-halloween-tum-20260923-xi-016,,,,,,,,,,,,,,,,,,,,,,,,,https://all-products.taveris.co/products/tumbler-40oz-nba-halloween-tum-20260923-xi-016/05-main.webp,5,PHI Reaper - Midnight Blue and Gilded Tumbler Presence - main,,,,,,,
tumbler-40oz-nfl-dallas-cowboys-christmas-tum-20260923-xi-025,"DAL Midnight Ornament - Star, Gilded Filigree and Holiday Elegance","<p>The eye lands on the star first. Everything else in this composition exists to frame it.</p><h3>Design Story</h3><p>A deep navy field carries a five-point star at the centre of the panel, outlined in a fine bead of gold and rimmed with pale crystalline dots. Around it, engraved-looking laurel scrollwork, snowflakes and smaller stars build outward in layers. Above, arched lettering reads DALLAS COWBOYS beneath a small crown. Below the star, a ribbon and paired bells sit over the words ROCKSTAR CHRISTMAS TROPHY and a plaque reading LIMITED HOLIDAY EDITION. The palette stays disciplined — midnight blue against warm gold — so the density never turns to noise. It reads as ornament, trophy and team crest at once.</p><h3>Use &amp; Experience</h3><p>On a tumbler's vertical proportion, that hierarchy works in your favour. The team name sits high near the lid, the star claims the mid-body focal panel where the hand naturally frames it, and the plaque anchors the base. The wraparound scrollwork keeps the design alive from every angle, and the handle picks up the same gilded detailing. Carry presence: high, without needing a second glance to understand it.</p><h3>Size &amp; Capacity</h3><p>Available capacity: 40 oz.</p><p>A holiday piece that behaves like a trophy — quiet in colour, confident in detail.</p>",Taveris,Home & Garden > Kitchen & Dining > Tableware > Drinkware > Tumblers,Tumbler,"Accessories, Drinkware, Graphic Tumbler, New Arrivals, Tumbler NFL, Tumblers",TRUE,Title,Default Title,,,,,DN-ZM6OUK5KSRQJ,,,,deny,manual,49.95,59.95,TRUE,TRUE,,https://all-products.taveris.co/products/tumbler-40oz-nfl-dallas-cowboys-christmas-tum-20260923-xi-025/01-main.webp,1,"DAL Midnight Ornament - Star, Gilded Filigree and Holiday Elegance - main",FALSE,Dallas Cowboys Star Tumbler - Navy and Gold Holiday Design,,,,active,Tumbler NFL
tumbler-40oz-nfl-dallas-cowboys-christmas-tum-20260923-xi-025,,,,,,,,,,,,,,,,,,,,,,,,,https://all-products.taveris.co/products/tumbler-40oz-nfl-dallas-cowboys-christmas-tum-20260923-xi-025/02-main.webp,2,"DAL Midnight Ornament - Star, Gilded Filigree and Holiday Elegance - main",,,,,,,
tumbler-40oz-nfl-dallas-cowboys-christmas-tum-20260923-xi-025,,,,,,,,,,,,,,,,,,,,,,,,,https://all-products.taveris.co/products/tumbler-40oz-nfl-dallas-cowboys-christmas-tum-20260923-xi-025/03-main.webp,3,"DAL Midnight Ornament - Star, Gilded Filigree and Holiday Elegance - main",,,,,,,
tumbler-40oz-nfl-dallas-cowboys-christmas-tum-20260923-xi-025,,,,,,,,,,,,,,,,,,,,,,,,,https://all-products.taveris.co/products/tumbler-40oz-nfl-dallas-cowboys-christmas-tum-20260923-xi-025/04-main.webp,4,"DAL Midnight Ornament - Star, Gilded Filigree and Holiday Elegance - main",,,,,,,
tumbler-40oz-nfl-dallas-cowboys-christmas-tum-20260923-xi-025,,,,,,,,,,,,,,,,,,,,,,,,,https://all-products.taveris.co/products/tumbler-40oz-nfl-dallas-cowboys-christmas-tum-20260923-xi-025/05-main.webp,5,"DAL Midnight Ornament - Star, Gilded Filigree and Holiday Elegance - main",,,,,,,
tumbler-40oz-nfl-dallas-cowboys-christmas-tum-20260923-xi-026,"DAL Holiday Ring - A Study in Star, Gold and Midnight Blue","<p>The eye lands on the star first. Centered, faceted, deep navy against a halo of pale stones, it anchors the entire wraparound composition like a jewel set into a ring.</p><h3>Design Story</h3><p>Around that focal panel, the artwork builds outward in layers: scrolled gold filigree, laurel leaves, snowflake medallions, red berry accents and a pair of golden bells tied with ribbon. Readable type does the storytelling work — ""DALLAS COWBOYS"" arched across the top, ""CHAMPIONSHIP HOLIDAY RING"" and ""WINTER CHAMPION EDITION"" stacked beneath, and a small engraved stadium panel above ""AMERICA'S TEAM"" at the base. It is a static, ornamental design, closer to heirloom jewelry than sports graphics, and that stillness is the point. Navy, gold and pearl-white hold the contrast steady from top to bottom.</p><h3>Use &amp; Experience</h3><p>The vertical proportion suits it. The star sits at eye level on the front-facing focal area, the ornamental borders carry the pattern around the tumbler, and the smaller engraved panels reward a closer look. Handle-side medallions echo the star motif, keeping the wrap continuous rather than one-sided. High statement level, quietly festive rather than loud.</p><h3>Size &amp; Capacity</h3><p>Available capacity: 40 oz.</p><p>A drinkware silhouette dressed for the season — ornate, composed, and built to be looked at twice.</p>",Taveris,Home & Garden > Kitchen & Dining > Tableware > Drinkware > Tumblers,Tumbler,"Accessories, Drinkware, Graphic Tumbler, New Arrivals, Tumbler NFL, Tumblers",TRUE,Title,Default Title,,,,,DN-2QZ53EPC3HK4,,,,deny,manual,49.95,59.95,TRUE,TRUE,,https://all-products.taveris.co/products/tumbler-40oz-nfl-dallas-cowboys-christmas-tum-20260923-xi-026/01-main.webp,1,"DAL Holiday Ring - A Study in Star, Gold and Midnight Blue - main",FALSE,Dallas Cowboys Holiday Tumbler - Gold Star Christmas Design,,,,active,Tumbler NFL
tumbler-40oz-nfl-dallas-cowboys-christmas-tum-20260923-xi-026,,,,,,,,,,,,,,,,,,,,,,,,,https://all-products.taveris.co/products/tumbler-40oz-nfl-dallas-cowboys-christmas-tum-20260923-xi-026/02-main.webp,2,"DAL Holiday Ring - A Study in Star, Gold and Midnight Blue - main",,,,,,,
tumbler-40oz-nfl-dallas-cowboys-christmas-tum-20260923-xi-026,,,,,,,,,,,,,,,,,,,,,,,,,https://all-products.taveris.co/products/tumbler-40oz-nfl-dallas-cowboys-christmas-tum-20260923-xi-026/03-main.webp,3,"DAL Holiday Ring - A Study in Star, Gold and Midnight Blue - main",,,,,,,
tumbler-40oz-nfl-dallas-cowboys-christmas-tum-20260923-xi-026,,,,,,,,,,,,,,,,,,,,,,,,,https://all-products.taveris.co/products/tumbler-40oz-nfl-dallas-cowboys-christmas-tum-20260923-xi-026/04-main.webp,4,"DAL Holiday Ring - A Study in Star, Gold and Midnight Blue - main",,,,,,,
tumbler-40oz-nfl-dallas-cowboys-christmas-tum-20260923-xi-026,,,,,,,,,,,,,,,,,,,,,,,,,https://all-products.taveris.co/products/tumbler-40oz-nfl-dallas-cowboys-christmas-tum-20260923-xi-026/05-main.webp,5,"DAL Holiday Ring - A Study in Star, Gold and Midnight Blue - main",,,,,,,
tumbler-40oz-nfl-dallas-cowboys-halloween-tum-20260923-xi-027,"DAL Nightfall - Reaper, Star and Lantern Glow","<p>Some graphics decorate a vessel. This one architects it — a vertical gothic panel that reads like carved relief rather than print.</p><h3>Design Story</h3><p>The composition is built in tiers. A hooded skeletal figure stands still at the top, torch raised, moonlit spires behind it, its calm grin doing more work than any action pose could. Below, a navy and silver star sits dead centre as the visual anchor, framed by gold filigree and two small lantern glows. The lower register carries carved pumpkins, a football and a banner reading COWBOYS, closing on the line FOOTBALL FEAR NEVER DIES. Navy, bone white and warm antique gold carry the whole palette, with restrained contrast keeping the density legible.</p><h3>Use &amp; Experience</h3><p>On a tumbler silhouette the tall proportion suits this layered wraparound build: the star lands at eye level as the front-facing focal panel, the reaper reads over the shoulder of the curve, and the banner text grounds the base. The pale handle breaks the dark field like a contrast trim, its own star badge acting as a minimal accent. Carry presence is high without shouting.</p><h3>Size &amp; Capacity</h3><p>Available capacity: 40 oz.</p><p>Dark, ornate, quietly confident — drinkware styled like a gothic artefact.</p>",Taveris,Home & Garden > Kitchen & Dining > Tableware > Drinkware > Tumblers,Tumbler,"Accessories, Drinkware, Graphic Tumbler, New Arrivals, Tumbler NFL, Tumblers",TRUE,Title,Default Title,,,,,DN-C6BYSHIFJ7BB,,,,deny,manual,49.95,59.95,TRUE,TRUE,,https://all-products.taveris.co/products/tumbler-40oz-nfl-dallas-cowboys-halloween-tum-20260923-xi-027/01-main.webp,1,"DAL Nightfall - Reaper, Star and Lantern Glow - main",FALSE,DAL Reaper Tumbler - Gothic Cowboys Star Design,,,,active,Tumbler NFL
tumbler-40oz-nfl-dallas-cowboys-halloween-tum-20260923-xi-027,,,,,,,,,,,,,,,,,,,,,,,,,https://all-products.taveris.co/products/tumbler-40oz-nfl-dallas-cowboys-halloween-tum-20260923-xi-027/02-main.webp,2,"DAL Nightfall - Reaper, Star and Lantern Glow - main",,,,,,,
tumbler-40oz-nfl-dallas-cowboys-halloween-tum-20260923-xi-027,,,,,,,,,,,,,,,,,,,,,,,,,https://all-products.taveris.co/products/tumbler-40oz-nfl-dallas-cowboys-halloween-tum-20260923-xi-027/03-main.webp,3,"DAL Nightfall - Reaper, Star and Lantern Glow - main",,,,,,,
tumbler-40oz-nfl-dallas-cowboys-halloween-tum-20260923-xi-027,,,,,,,,,,,,,,,,,,,,,,,,,https://all-products.taveris.co/products/tumbler-40oz-nfl-dallas-cowboys-halloween-tum-20260923-xi-027/04-main.webp,4,"DAL Nightfall - Reaper, Star and Lantern Glow - main",,,,,,,
tumbler-40oz-nfl-dallas-cowboys-halloween-tum-20260923-xi-027,,,,,,,,,,,,,,,,,,,,,,,,,https://all-products.taveris.co/products/tumbler-40oz-nfl-dallas-cowboys-halloween-tum-20260923-xi-027/05-main.webp,5,"DAL Nightfall - Reaper, Star and Lantern Glow - main",,,,,,,
tumbler-40oz-nfl-halloween-tum-20260923-uy-006,"LV Crowned - Obsidian, Gold and the Raider Shield","<p>A drinkware silhouette treated like a piece of regalia. Black lacquer, warm gold filigree and cut-stone accents build a design that reads as ornament first, graphic second.</p><h3>Design Story</h3><p>The wraparound composition is strictly vertical. A crowned skull with a single eye patch sits at the upper register, flanked by crossed blades and draped chain detail. Below it, the shield emblem reading RAIDERS anchors the focal panel at eye level, with two smaller gold skulls set symmetrically at its sides. The lower third releases into scrollwork and diamond-shaped stone motifs, giving the composition breathing room before the base. Tonal contrast does the heavy lifting: deep matte black against polished gold, with cool silver-white highlights keeping the palette from going soft. It is baroque, but disciplined.</p><h3>Use &amp; Experience</h3><p>On a tall tumbler form, that hierarchy matters. The crown reads from above while the emblem stays centred for front-facing carry, and the handle side keeps a quieter band of ornament so the design never competes with the grip. Carry presence is high without shouting.</p><h3>Size &amp; Capacity</h3><p>Available capacity: 40 oz.</p><p>Restrained darkness, gilded edges - a statement piece for the desk, the drive or the tailgate.</p>",Taveris,Home & Garden > Kitchen & Dining > Tableware > Drinkware > Tumblers,Tumbler,"Accessories, Drinkware, Graphic Tumbler, New Arrivals, Tumbler NFL, Tumblers",TRUE,Title,Default Title,,,,,DN-3XZOG6KRARQO,,,,deny,manual,49.95,59.95,TRUE,TRUE,,https://all-products.taveris.co/products/tumbler-40oz-nfl-halloween-tum-20260923-uy-006/01-main.webp,1,"LV Crowned - Obsidian, Gold and the Raider Shield - main",FALSE,Raiders Tumbler - Gold Skull Crown Gothic Design,,,,active,Tumbler NFL
tumbler-40oz-nfl-halloween-tum-20260923-uy-006,,,,,,,,,,,,,,,,,,,,,,,,,https://all-products.taveris.co/products/tumbler-40oz-nfl-halloween-tum-20260923-uy-006/02-main.webp,2,"LV Crowned - Obsidian, Gold and the Raider Shield - main",,,,,,,
tumbler-40oz-nfl-halloween-tum-20260923-uy-006,,,,,,,,,,,,,,,,,,,,,,,,,https://all-products.taveris.co/products/tumbler-40oz-nfl-halloween-tum-20260923-uy-006/03-main.webp,3,"LV Crowned - Obsidian, Gold and the Raider Shield - main",,,,,,,
tumbler-40oz-nfl-halloween-tum-20260923-uy-006,,,,,,,,,,,,,,,,,,,,,,,,,https://all-products.taveris.co/products/tumbler-40oz-nfl-halloween-tum-20260923-uy-006/04-main.webp,4,"LV Crowned - Obsidian, Gold and the Raider Shield - main",,,,,,,
tumbler-40oz-nfl-halloween-tum-20260923-uy-006,,,,,,,,,,,,,,,,,,,,,,,,,https://all-products.taveris.co/products/tumbler-40oz-nfl-halloween-tum-20260923-uy-006/05-main.webp,5,"LV Crowned - Obsidian, Gold and the Raider Shield - main",,,,,,,
tumbler-40oz-nfl-halloween-tum-20260923-uy-007,BUF Blood Moon - Gothic Contrast and Charging Motion,"<p>The eye lands on the charging bison first, horns lowered, eyes burning red against a moon the colour of spilled wine. Everything else in the composition exists to frame that moment.</p><h3>Design Story</h3><p>Above the animal sits the blue and red Buffalo Bills emblem, rendered as if set with faceted stones, catching light where the gothic ironwork below falls into shadow. The lower band turns into a cemetery gate with crosses and spires, wrapped in thorny metallic vines that climb the whole surface. Red mist drifts through the scene and softens the hard edges. It is a layered composition with a clear hierarchy: moon, emblem, beast, gate. The palette stays disciplined — crimson, black, cold gold — so the drama reads instantly rather than becoming noise.</p><h3>Use &amp; Experience</h3><p>On a tall tumbler silhouette, that vertical stacking works in its favour. The moon and emblem sit at eye level as the focal panel, while the gothic gate anchors the base and gives the graphic weight. The wraparound detail means the design keeps revealing itself as the vessel turns, and the handle area stays visually clear so the artwork holds the front. Carry presence is high — this is a statement accessory, not a quiet one.</p><h3>Size &amp; Capacity</h3><p>Available capacity: 40 oz.</p><p>Team loyalty, told in moonlight and iron.</p>",Taveris,Home & Garden > Kitchen & Dining > Tableware > Drinkware > Tumblers,Tumbler,"Accessories, Drinkware, Graphic Tumbler, New Arrivals, Tumbler NFL, Tumblers",TRUE,Title,Default Title,,,,,DN-VSGL7MR3TERK,,,,deny,manual,49.95,59.95,TRUE,TRUE,,https://all-products.taveris.co/products/tumbler-40oz-nfl-halloween-tum-20260923-uy-007/01-main.webp,1,BUF Blood Moon - Gothic Contrast and Charging Motion - main,FALSE,BUF Buffalo Bills Tumbler - Gothic Blood Moon Design,,,,active,Tumbler NFL
tumbler-40oz-nfl-halloween-tum-20260923-uy-007,,,,,,,,,,,,,,,,,,,,,,,,,https://all-products.taveris.co/products/tumbler-40oz-nfl-halloween-tum-20260923-uy-007/02-main.webp,2,BUF Blood Moon - Gothic Contrast and Charging Motion - main,,,,,,,
tumbler-40oz-nfl-halloween-tum-20260923-uy-007,,,,,,,,,,,,,,,,,,,,,,,,,https://all-products.taveris.co/products/tumbler-40oz-nfl-halloween-tum-20260923-uy-007/03-main.webp,3,BUF Blood Moon - Gothic Contrast and Charging Motion - main,,,,,,,
tumbler-40oz-nfl-halloween-tum-20260923-uy-007,,,,,,,,,,,,,,,,,,,,,,,,,https://all-products.taveris.co/products/tumbler-40oz-nfl-halloween-tum-20260923-uy-007/04-main.webp,4,BUF Blood Moon - Gothic Contrast and Charging Motion - main,,,,,,,
tumbler-40oz-nfl-halloween-tum-20260923-uy-007,,,,,,,,,,,,,,,,,,,,,,,,,https://all-products.taveris.co/products/tumbler-40oz-nfl-halloween-tum-20260923-uy-007/05-main.webp,5,BUF Blood Moon - Gothic Contrast and Charging Motion - main,,,,,,,
tumbler-40oz-nfl-halloween-tum-20260923-uy-008,"DAL Midnight Legend - Skull, Star and Gold Filigree Tumbler","<p>Some drinkware whispers. This one holds eye contact. A gold-scrolled skull in a cowboy hat sits dead center on the tumbler, blue star glinting above the brim, and it does not blink first.</p><h3>Design Story</h3><p>The composition is smarter than it first looks. Everything stacks vertically: hat and star at the top, skull and its blue gemstone eyes in the middle, crossed revolvers and a marquise-cut blue jewel anchoring the lower third. Black lacquer negative space keeps the gold filigree from turning into noise, and the deep navy accents pull the whole palette back toward one team identity. The scrollwork wraps outward so the graphic never feels like a flat sticker — it reads as engraved layering. The mood is still, not aggressive. Confident western gothic, lit like a harvest moon.</p><h3>Use &amp; Experience</h3><p>On a tall tumbler silhouette, that vertical stack is exactly right. The skull lands at natural eye level as a front-facing focal panel, the ornament fades into wraparound detail around the sides, and the handle area stays clean with a single jewel accent. Carry presence is high — this is a bold graphic accessory, not a quiet one.</p><h3>Size &amp; Capacity</h3><p>Available capacity: 40 oz.</p><p>Dark, gilded and unmistakably Dallas. Pick it up and the room notices.</p>",Taveris,Home & Garden > Kitchen & Dining > Tableware > Drinkware > Tumblers,Tumbler,"Accessories, Drinkware, Graphic Tumbler, New Arrivals, Tumbler NFL, Tumblers",TRUE,Title,Default Title,,,,,DN-X2X64WIU6SHG,,,,deny,manual,49.95,59.95,TRUE,TRUE,,https://all-products.taveris.co/products/tumbler-40oz-nfl-halloween-tum-20260923-uy-008/01-main.webp,1,"DAL Midnight Legend - Skull, Star and Gold Filigree Tumbler - main",FALSE,Dallas Cowboys Tumbler - Skull Star Gold Filigree Design,,,,active,Tumbler NFL
tumbler-40oz-nfl-halloween-tum-20260923-uy-008,,,,,,,,,,,,,,,,,,,,,,,,,https://all-products.taveris.co/products/tumbler-40oz-nfl-halloween-tum-20260923-uy-008/02-main.webp,2,"DAL Midnight Legend - Skull, Star and Gold Filigree Tumbler - main",,,,,,,
tumbler-40oz-nfl-halloween-tum-20260923-uy-008,,,,,,,,,,,,,,,,,,,,,,,,,https://all-products.taveris.co/products/tumbler-40oz-nfl-halloween-tum-20260923-uy-008/03-main.webp,3,"DAL Midnight Legend - Skull, Star and Gold Filigree Tumbler - main",,,,,,,
tumbler-40oz-nfl-halloween-tum-20260923-uy-008,,,,,,,,,,,,,,,,,,,,,,,,,https://all-products.taveris.co/products/tumbler-40oz-nfl-halloween-tum-20260923-uy-008/04-main.webp,4,"DAL Midnight Legend - Skull, Star and Gold Filigree Tumbler - main",,,,,,,
tumbler-40oz-nfl-halloween-tum-20260923-uy-008,,,,,,,,,,,,,,,,,,,,,,,,,https://all-products.taveris.co/products/tumbler-40oz-nfl-halloween-tum-20260923-uy-008/05-main.webp,5,"DAL Midnight Legend - Skull, Star and Gold Filigree Tumbler - main",,,,,,,
tumbler-40oz-nfl-halloween-tum-20260923-uy-009,"PIT Regalia - Gilded Ornament, Crown and Quiet Shadow","<p>A still object rendered with unusual ceremony. The composition does not move; it accumulates. Gold, black and jewel-light gather around a single calm centre, and the eye is held rather than pushed.</p><h3>Design Story</h3><p>The wraparound surface is dense baroque scrollwork over a dark diamond lattice, punctuated by small star and gem accents that read as scattered light. At the visual centre sits a pale circular focal panel: the three-pointed hypocycloid emblem in gold, red and blue with the word Steelers set beside it, ringed by a bright beaded circle. Above it, a crown. Below, a second crown resting on a carved skull whose hollow eyes anchor the lower third. The hierarchy is deliberate — ornament, crown, emblem, crown, skull — a vertical axis of insignia read from top to bottom. Candlelight in the background keeps the palette warm and the mood ceremonial rather than aggressive.</p><h3>Use &amp; Experience</h3><p>On a tall tumbler silhouette, that vertical stack suits the proportion exactly: the emblem panel sits at natural eye level while the ornament resolves toward the base. The handle's dark form gives the busy surface a place to breathe, and the design keeps its carry presence as a bold graphic accessory in ordinary daylight.</p><h3>Size &amp; Capacity</h3><p>Available capacity: 40 oz.</p><p>Team allegiance, treated as heraldry — quiet, gilded and precisely arranged.</p>",Taveris,Home & Garden > Kitchen & Dining > Tableware > Drinkware > Tumblers,Tumbler,"Accessories, Drinkware, Graphic Tumbler, New Arrivals, Tumbler NFL, Tumblers",TRUE,Title,Default Title,,,,,DN-5M5QNJ2YHYMI,,,,deny,manual,49.95,59.95,TRUE,TRUE,,https://all-products.taveris.co/products/tumbler-40oz-nfl-halloween-tum-20260923-uy-009/01-main.webp,1,"PIT Regalia - Gilded Ornament, Crown and Quiet Shadow - main",FALSE,Steelers Tumbler - Gold Baroque Skull Crown Design,,,,active,Tumbler NFL
tumbler-40oz-nfl-halloween-tum-20260923-uy-009,,,,,,,,,,,,,,,,,,,,,,,,,https://all-products.taveris.co/products/tumbler-40oz-nfl-halloween-tum-20260923-uy-009/02-main.webp,2,"PIT Regalia - Gilded Ornament, Crown and Quiet Shadow - main",,,,,,,
tumbler-40oz-nfl-halloween-tum-20260923-uy-009,,,,,,,,,,,,,,,,,,,,,,,,,https://all-products.taveris.co/products/tumbler-40oz-nfl-halloween-tum-20260923-uy-009/03-main.webp,3,"PIT Regalia - Gilded Ornament, Crown and Quiet Shadow - main",,,,,,,
tumbler-40oz-nfl-halloween-tum-20260923-uy-009,,,,,,,,,,,,,,,,,,,,,,,,,https://all-products.taveris.co/products/tumbler-40oz-nfl-halloween-tum-20260923-uy-009/04-main.webp,4,"PIT Regalia - Gilded Ornament, Crown and Quiet Shadow - main",,,,,,,
tumbler-40oz-nfl-halloween-tum-20260923-uy-009,,,,,,,,,,,,,,,,,,,,,,,,,https://all-products.taveris.co/products/tumbler-40oz-nfl-halloween-tum-20260923-uy-009/05-main.webp,5,"PIT Regalia - Gilded Ornament, Crown and Quiet Shadow - main",,,,,,,
tumbler-40oz-nfl-halloween-tum-20260923-uy-010,SF Crimson Court - Gothic Ornament and Emblem Presence,"<p>The eye lands on the emblem first: an oval badge in deep red and gold, reading SF, with 49ERS lettering set beneath it. Everything else in the composition exists to frame that single point.</p><h3>Design Story</h3><p>Around the badge, the artwork builds a cathedral of ornament. Gold filigree curls outward into scrollwork and fleur-de-lis shapes. Bat-like wings spread behind a jeweled crown, faceted red gems catch imagined candlelight, and chain detailing loops across the lower half. Two dark crimson roses anchor the base, softening all that metalwork with something organic. The palette stays disciplined throughout: black lattice ground, gold linework, and red running from garnet to near-black. Nothing moves here. The design is still, formal, almost heraldic, and that stillness is exactly what gives it presence.</p><h3>Use &amp; Experience</h3><p>On a tumbler, the layout reads cleanly. The badge sits in the front-facing focal panel at natural eye level, while the ornamental work wraps around the vertical body so the pattern continues rather than stops. The narrowing base lets the rose and scroll detailing taper naturally, and gold banding at the top and bottom frames the whole composition. It is a bold graphic accessory rather than a quiet one.</p><h3>Size &amp; Capacity</h3><p>Available capacity: 40 oz.</p><p>A team badge treated like a crown jewel, built for carrying, not just displaying.</p>",Taveris,Home & Garden > Kitchen & Dining > Tableware > Drinkware > Tumblers,Tumbler,"Accessories, Drinkware, Graphic Tumbler, New Arrivals, Tumbler NFL, Tumblers",TRUE,Title,Default Title,,,,,DN-6TAOXOCTXGBY,,,,deny,manual,49.95,59.95,TRUE,TRUE,,https://all-products.taveris.co/products/tumbler-40oz-nfl-halloween-tum-20260923-uy-010/01-main.webp,1,SF Crimson Court - Gothic Ornament and Emblem Presence - main,FALSE,SF 49ers Tumbler - Gothic Red Rose Emblem Drinkware,,,,active,Tumbler NFL
tumbler-40oz-nfl-halloween-tum-20260923-uy-010,,,,,,,,,,,,,,,,,,,,,,,,,https://all-products.taveris.co/products/tumbler-40oz-nfl-halloween-tum-20260923-uy-010/02-main.webp,2,SF Crimson Court - Gothic Ornament and Emblem Presence - main,,,,,,,
tumbler-40oz-nfl-halloween-tum-20260923-uy-010,,,,,,,,,,,,,,,,,,,,,,,,,https://all-products.taveris.co/products/tumbler-40oz-nfl-halloween-tum-20260923-uy-010/03-main.webp,3,SF Crimson Court - Gothic Ornament and Emblem Presence - main,,,,,,,
tumbler-40oz-nfl-halloween-tum-20260923-uy-010,,,,,,,,,,,,,,,,,,,,,,,,,https://all-products.taveris.co/products/tumbler-40oz-nfl-halloween-tum-20260923-uy-010/04-main.webp,4,SF Crimson Court - Gothic Ornament and Emblem Presence - main,,,,,,,
tumbler-40oz-nfl-halloween-tum-20260923-uy-010,,,,,,,,,,,,,,,,,,,,,,,,,https://all-products.taveris.co/products/tumbler-40oz-nfl-halloween-tum-20260923-uy-010/05-main.webp,5,SF Crimson Court - Gothic Ornament and Emblem Presence - main,,,,,,,
tumbler-40oz-nfl-halloween-tum-20260923-uy-011,Moonlit Regalia - Gothic Lion and Raven Tumbler,"<p>A night-toned drinkware silhouette built like a cathedral panel: ornamental, composed, and quietly theatrical rather than loud.</p><h3>Design Story</h3><p>The focal panel centres on a pale, maned lion head with cool blue eyes, flanked by three dark ravens perched among gilded thorn branches. Above them a crescent moon opens a pocket of starlit negative space, keeping the upper third airy so the composition can breathe. Lower down, a small gold skull sits between deep blue roses and a faceted jewel motif, anchoring the vertical hierarchy. The palette is disciplined — midnight blue, warm antique gold, near-black ground — so the metallic linework reads as ornament, not clutter.</p><h3>Use &amp; Experience</h3><p>On a tumbler, the artwork works as a wraparound story: the lion and ravens hold the front-facing view, the filigree carries the eye around the curve, and the tapered lower body lets the skull and roses close the frame. Graphic scale is generous without crowding the handle side, giving it real carry presence on a desk or in hand.</p><h3>Size &amp; Capacity</h3><p>Available capacity: 40 oz.</p><p>Dark ornament, measured restraint — a bold graphic accessory for everyday rituals.</p>",Taveris,Home & Garden > Kitchen & Dining > Tableware > Drinkware > Tumblers,Tumbler,"Accessories, Drinkware, Graphic Tumbler, New Arrivals, Tumbler NFL, Tumblers",TRUE,Title,Default Title,,,,,DN-TONN4BDVRGTZ,,,,deny,manual,49.95,59.95,TRUE,TRUE,,https://all-products.taveris.co/products/tumbler-40oz-nfl-halloween-tum-20260923-uy-011/01-main.webp,1,Moonlit Regalia - Gothic Lion and Raven Tumbler - main,FALSE,Gothic Lion Raven Tumbler - Blue Moonlight Design,,,,active,Tumbler NFL
tumbler-40oz-nfl-halloween-tum-20260923-uy-011,,,,,,,,,,,,,,,,,,,,,,,,,https://all-products.taveris.co/products/tumbler-40oz-nfl-halloween-tum-20260923-uy-011/02-main.webp,2,Moonlit Regalia - Gothic Lion and Raven Tumbler - main,,,,,,,
tumbler-40oz-nfl-halloween-tum-20260923-uy-011,,,,,,,,,,,,,,,,,,,,,,,,,https://all-products.taveris.co/products/tumbler-40oz-nfl-halloween-tum-20260923-uy-011/03-main.webp,3,Moonlit Regalia - Gothic Lion and Raven Tumbler - main,,,,,,,
tumbler-40oz-nfl-halloween-tum-20260923-uy-011,,,,,,,,,,,,,,,,,,,,,,,,,https://all-products.taveris.co/products/tumbler-40oz-nfl-halloween-tum-20260923-uy-011/04-main.webp,4,Moonlit Regalia - Gothic Lion and Raven Tumbler - main,,,,,,,
tumbler-40oz-nfl-halloween-tum-20260923-uy-011,,,,,,,,,,,,,,,,,,,,,,,,,https://all-products.taveris.co/products/tumbler-40oz-nfl-halloween-tum-20260923-uy-011/05-main.webp,5,Moonlit Regalia - Gothic Lion and Raven Tumbler - main,,,,,,,
tumbler-40oz-nfl-halloween-tum-20260923-uy-012,"GB Midnight Filigree - Emerald, Gold and a Carved Grin","<p>The eye lands on the grin first. Low on the vessel, a carved pumpkin face glows amber through deep emerald, lit like a lantern left burning at a stadium gate.</p><h3>Design Story</h3><p>Above it sits the oval G emblem, outlined in tiny bright stones and framed by scrolling gold filigree that climbs the whole surface. Green marquise gems punctuate the ornament at the top, middle and base, creating a clear vertical rhythm. The background does the rest of the storytelling: a full moon, wrought iron gates, drifting smoke, candle lanterns and a LAMBEAU FIELD sign glowing in gold. It is a Halloween scene told in team colors, restrained rather than loud, ornamental rather than cartoonish.</p><h3>Use &amp; Experience</h3><p>On a tall tumbler silhouette the layout reads exactly as intended. The emblem holds the upper focal panel at natural eye level, the jack-o'-lantern anchors the lower third, and the filigree wraps the body so there is no dead side. The dark handle keeps the ornament framed, and the gold banding at lid and base closes the vertical proportion. Carried into an office, a tailgate or a chilly October morning, it registers as a considered graphic accessory rather than a novelty cup.</p><h3>Size &amp; Capacity</h3><p>Available capacity: 40 oz.</p><p>Team loyalty and autumn atmosphere, drawn in green, gold and lantern light.</p>",Taveris,Home & Garden > Kitchen & Dining > Tableware > Drinkware > Tumblers,Tumbler,"Accessories, Drinkware, Graphic Tumbler, New Arrivals, Tumbler NFL, Tumblers",TRUE,Title,Default Title,,,,,DN-VRS2UT6IAVWR,,,,deny,manual,49.95,59.95,TRUE,TRUE,,https://all-products.taveris.co/products/tumbler-40oz-nfl-halloween-tum-20260923-uy-012/01-main.webp,1,"GB Midnight Filigree - Emerald, Gold and a Carved Grin - main",FALSE,Packers Halloween Tumbler - Green Gold Jack-o-Lantern,,,,active,Tumbler NFL
tumbler-40oz-nfl-halloween-tum-20260923-uy-012,,,,,,,,,,,,,,,,,,,,,,,,,https://all-products.taveris.co/products/tumbler-40oz-nfl-halloween-tum-20260923-uy-012/02-main.webp,2,"GB Midnight Filigree - Emerald, Gold and a Carved Grin - main",,,,,,,
tumbler-40oz-nfl-halloween-tum-20260923-uy-012,,,,,,,,,,,,,,,,,,,,,,,,,https://all-products.taveris.co/products/tumbler-40oz-nfl-halloween-tum-20260923-uy-012/03-main.webp,3,"GB Midnight Filigree - Emerald, Gold and a Carved Grin - main",,,,,,,
tumbler-40oz-nfl-halloween-tum-20260923-uy-012,,,,,,,,,,,,,,,,,,,,,,,,,https://all-products.taveris.co/products/tumbler-40oz-nfl-halloween-tum-20260923-uy-012/04-main.webp,4,"GB Midnight Filigree - Emerald, Gold and a Carved Grin - main",,,,,,,
tumbler-40oz-nfl-halloween-tum-20260923-uy-012,,,,,,,,,,,,,,,,,,,,,,,,,https://all-products.taveris.co/products/tumbler-40oz-nfl-halloween-tum-20260923-uy-012/05-main.webp,5,"GB Midnight Filigree - Emerald, Gold and a Carved Grin - main",,,,,,,
tumbler-40oz-nfl-halloween-tum-20260923-uy-013,KC Nocturne - Arrowhead Emblem in Gothic Crimson,"<p>Some drinkware asks to be noticed. This one builds a whole nocturnal architecture around a single emblem and lets the rest of the surface fall into shadow.</p><h3>Design Story</h3><p>The wraparound composition reads like a cathedral facade: gilded tracery, pointed arches and faceted red gems climbing a deep black ground. Up top, a full moon glows amber behind silhouetted bats and spires. Centre stage, the white Arrowhead with its red KC monogram sits in an ornate gold frame, with a banner reading ARROWHEAD directly beneath it. Crimson, gold and black do all the work here — high tonal contrast, no wasted colour. The dark field functions as negative space, so the emblem never competes with the ornament surrounding it.</p><h3>Use &amp; Experience</h3><p>On a tall tumbler silhouette, that vertical stacking pays off. The moon sits at eye level, the emblem lands in the natural front-facing focal zone, and the arcade detailing carries the graphic down toward the base. Red accents on the handle and lid area tie the composition together from every angle, so it holds its carry presence on a desk, a tailgate table, or in hand.</p><h3>Size &amp; Capacity</h3><p>Available capacity: 40 oz.</p><p>Gameday loyalty, dressed for the dark season.</p>",Taveris,Home & Garden > Kitchen & Dining > Tableware > Drinkware > Tumblers,Tumbler,"Accessories, Drinkware, Graphic Tumbler, New Arrivals, Tumbler NFL, Tumblers",TRUE,Title,Default Title,,,,,DN-FI62VG3CXO4V,,,,deny,manual,49.95,59.95,TRUE,TRUE,,https://all-products.taveris.co/products/tumbler-40oz-nfl-halloween-tum-20260923-uy-013/01-main.webp,1,KC Nocturne - Arrowhead Emblem in Gothic Crimson - main,FALSE,KC Chiefs Tumbler - Gothic Crimson Arrowhead Design,,,,active,Tumbler NFL
tumbler-40oz-nfl-halloween-tum-20260923-uy-013,,,,,,,,,,,,,,,,,,,,,,,,,https://all-products.taveris.co/products/tumbler-40oz-nfl-halloween-tum-20260923-uy-013/02-main.webp,2,KC Nocturne - Arrowhead Emblem in Gothic Crimson - main,,,,,,,
tumbler-40oz-nfl-halloween-tum-20260923-uy-013,,,,,,,,,,,,,,,,,,,,,,,,,https://all-products.taveris.co/products/tumbler-40oz-nfl-halloween-tum-20260923-uy-013/03-main.webp,3,KC Nocturne - Arrowhead Emblem in Gothic Crimson - main,,,,,,,
tumbler-40oz-nfl-halloween-tum-20260923-uy-013,,,,,,,,,,,,,,,,,,,,,,,,,https://all-products.taveris.co/products/tumbler-40oz-nfl-halloween-tum-20260923-uy-013/04-main.webp,4,KC Nocturne - Arrowhead Emblem in Gothic Crimson - main,,,,,,,
tumbler-40oz-nfl-halloween-tum-20260923-uy-013,,,,,,,,,,,,,,,,,,,,,,,,,https://all-products.taveris.co/products/tumbler-40oz-nfl-halloween-tum-20260923-uy-013/05-main.webp,5,KC Nocturne - Arrowhead Emblem in Gothic Crimson - main,,,,,,,
tumbler-40oz-nfl-halloween-tum-20260923-uy-014,"NE Regalia - Crowned Skull, Gilded Scroll and Navy Restraint","<p>Some designs shout. This one holds still and lets ornament do the talking. A deep navy surface, cut into faceted planes, carries gold filigree with the composure of a ceremonial object rather than a sports souvenir.</p><h3>Design Story</h3><p>The composition is built on a vertical axis. At the upper third sits a circular focal panel holding the New England Patriots emblem in red, white and navy, ringed by pale stones and topped by a jeweled crown. Directly beneath, a second crown rests on a gold skull, its hollow gaze quiet rather than menacing. Baroque scrollwork spills outward from both anchors, filling the field with symmetrical curves while red and blue accent gems punctuate the rhythm. The mirrored structure keeps a busy surface legible: crown above, emblem, crown again, skull, then a diamond motif closing the lower register. Contrast between cool navy and warm gold gives the whole piece its depth.</p><h3>Use &amp; Experience</h3><p>On a tumbler silhouette, this wraparound composition reads as a layered column. The front-facing focal panel meets the eye first, the skull holds the midsection, and the ornament tapers toward the base, flattering the vertical proportion. The dark handle frames the design like a border, leaving the graphic scale uninterrupted on the display side.</p><h3>Size &amp; Capacity</h3><p>Available capacity: 40 oz.</p><p>An everyday vessel treated as a small heraldic object — team identity rendered in the language of ornament.</p>",Taveris,Home & Garden > Kitchen & Dining > Tableware > Drinkware > Tumblers,Tumbler,"Accessories, Drinkware, Graphic Tumbler, New Arrivals, Tumbler NFL, Tumblers",TRUE,Title,Default Title,,,,,DN-76WG6SEBS2Q3,,,,deny,manual,49.95,59.95,TRUE,TRUE,,https://all-products.taveris.co/products/tumbler-40oz-nfl-halloween-tum-20260923-uy-014/01-main.webp,1,"NE Regalia - Crowned Skull, Gilded Scroll and Navy Restraint - main",FALSE,Patriots Tumbler - Crowned Skull Baroque Jewel Design,,,,active,Tumbler NFL
tumbler-40oz-nfl-halloween-tum-20260923-uy-014,,,,,,,,,,,,,,,,,,,,,,,,,https://all-products.taveris.co/products/tumbler-40oz-nfl-halloween-tum-20260923-uy-014/02-main.webp,2,"NE Regalia - Crowned Skull, Gilded Scroll and Navy Restraint - main",,,,,,,
tumbler-40oz-nfl-halloween-tum-20260923-uy-014,,,,,,,,,,,,,,,,,,,,,,,,,https://all-products.taveris.co/products/tumbler-40oz-nfl-halloween-tum-20260923-uy-014/03-main.webp,3,"NE Regalia - Crowned Skull, Gilded Scroll and Navy Restraint - main",,,,,,,
tumbler-40oz-nfl-halloween-tum-20260923-uy-014,,,,,,,,,,,,,,,,,,,,,,,,,https://all-products.taveris.co/products/tumbler-40oz-nfl-halloween-tum-20260923-uy-014/04-main.webp,4,"NE Regalia - Crowned Skull, Gilded Scroll and Navy Restraint - main",,,,,,,
tumbler-40oz-nfl-halloween-tum-20260923-uy-014,,,,,,,,,,,,,,,,,,,,,,,,,https://all-products.taveris.co/products/tumbler-40oz-nfl-halloween-tum-20260923-uy-014/05-main.webp,5,"NE Regalia - Crowned Skull, Gilded Scroll and Navy Restraint - main",,,,,,,
tumbler-40oz-nfl-halloween-tum-20260923-uy-015,"PHI Midnight Filigree - Eagle, Lantern and Emerald Ornament","<p>Some designs ask for attention. This one waits for it, then holds it. A deep emerald surface, scrolled in gold, lit from within by a carved orange grin.</p><h3>Design Story</h3><p>The eye lands first on the eagle: wings opened wide across the upper panel, feathers rendered as rows of pale stones, head turned in profile with a level, unhurried stare. Below it sits the focal anchor, a jack-o'-lantern with a slanted glowing face and a familiar eagle emblem set into its side, flanked by two small skull details. Everything between is filigree, baroque curls, faceted green diamonds and leaf scrollwork that climb the full vertical span. The palette does the storytelling: green and gold for identity, ember orange for the season, darkness for atmosphere.</p><h3>Use &amp; Experience</h3><p>The composition suits a tumbler well. The eagle occupies the wide upper band, the lantern sits at natural eye level on the front panel, and the ornamental border runs uninterrupted around the wraparound field. The dark ground keeps the gold detail legible from arm's length, so the piece reads as a bold graphic accessory on a desk or in hand rather than a crowded pattern.</p><h3>Size &amp; Capacity</h3><p>Available capacity: 40 oz.</p><p>Team colours, gothic season, one continuous ornamental statement.</p>",Taveris,Home & Garden > Kitchen & Dining > Tableware > Drinkware > Tumblers,Tumbler,"Accessories, Drinkware, Graphic Tumbler, New Arrivals, Tumbler NFL, Tumblers",TRUE,Title,Default Title,,,,,DN-6PNUCKSSMPG4,,,,deny,manual,49.95,59.95,TRUE,TRUE,,https://all-products.taveris.co/products/tumbler-40oz-nfl-halloween-tum-20260923-uy-015/01-main.webp,1,"PHI Midnight Filigree - Eagle, Lantern and Emerald Ornament - main",FALSE,PHI Eagles Halloween Tumbler - Gothic Emerald Eagle Design,,,,active,Tumbler NFL
tumbler-40oz-nfl-halloween-tum-20260923-uy-015,,,,,,,,,,,,,,,,,,,,,,,,,https://all-products.taveris.co/products/tumbler-40oz-nfl-halloween-tum-20260923-uy-015/02-main.webp,2,"PHI Midnight Filigree - Eagle, Lantern and Emerald Ornament - main",,,,,,,
tumbler-40oz-nfl-halloween-tum-20260923-uy-015,,,,,,,,,,,,,,,,,,,,,,,,,https://all-products.taveris.co/products/tumbler-40oz-nfl-halloween-tum-20260923-uy-015/03-main.webp,3,"PHI Midnight Filigree - Eagle, Lantern and Emerald Ornament - main",,,,,,,
tumbler-40oz-nfl-halloween-tum-20260923-uy-015,,,,,,,,,,,,,,,,,,,,,,,,,https://all-products.taveris.co/products/tumbler-40oz-nfl-halloween-tum-20260923-uy-015/04-main.webp,4,"PHI Midnight Filigree - Eagle, Lantern and Emerald Ornament - main",,,,,,,
tumbler-40oz-nfl-halloween-tum-20260923-uy-015,,,,,,,,,,,,,,,,,,,,,,,,,https://all-products.taveris.co/products/tumbler-40oz-nfl-halloween-tum-20260923-uy-015/05-main.webp,5,"PHI Midnight Filigree - Eagle, Lantern and Emerald Ornament - main",,,,,,,
tumbler-40oz-nfl-kansas-city-chiefs-halloween-tum-20260923-xi-028,KC Kingdom of Fear - Gothic Halloween Tumbler Graphic,"<p>Some drinkware whispers. This one holds a room. A deep crimson and antique-gold composition wraps the full vertical silhouette, built like a carved relic rather than a printed surface.</p><h3>Design Story</h3><p>The focal panel centres an arrowhead emblem with KC lettering, crowned and framed in scrollwork. Above it, a moonlit spire skyline, perched ravens and drifting bats set the seasonal mood; below, stacked typography reads KANSAS CITY, CHIEFS and KINGDOM OF FEAR in weighted display lettering. Carved skulls, jewel accents and two lit jack-o'-lanterns punctuate the border, while a football emblem anchors the lower third. The palette stays restrained — oxblood red, blackened shadow, warm brass — so the ornament reads rich instead of noisy.</p><h3>Use &amp; Experience</h3><p>On a tall tumbler silhouette, this composition works because the hierarchy is vertical: emblem, wordmark, football, base flourish. The eye travels top to bottom the way the body of the vessel already directs it. The red handle repeats the team mark and the CHIEFS KINGDOM lettering, so the design resolves from every angle rather than dying at the seam. Carry presence is high — a bold graphic accessory for desk, tailgate or gameday styling.</p><h3>Size &amp; Capacity</h3><p>Available capacity: 40 oz.</p><p>Gothic fandom, composed with editorial discipline.</p>",Taveris,Home & Garden > Kitchen & Dining > Tableware > Drinkware > Tumblers,Tumbler,"Accessories, Drinkware, Graphic Tumbler, New Arrivals, Tumbler NFL, Tumblers",TRUE,Title,Default Title,,,,,DN-KNE54YPQ2XX7,,,,deny,manual,49.95,59.95,TRUE,TRUE,,https://all-products.taveris.co/products/tumbler-40oz-nfl-kansas-city-chiefs-halloween-tum-20260923-xi-028/01-main.webp,1,KC Kingdom of Fear - Gothic Halloween Tumbler Graphic - main,FALSE,KC Chiefs Halloween Tumbler - Gothic Kingdom of Fear,,,,active,Tumbler NFL
tumbler-40oz-nfl-kansas-city-chiefs-halloween-tum-20260923-xi-028,,,,,,,,,,,,,,,,,,,,,,,,,https://all-products.taveris.co/products/tumbler-40oz-nfl-kansas-city-chiefs-halloween-tum-20260923-xi-028/02-main.webp,2,KC Kingdom of Fear - Gothic Halloween Tumbler Graphic - main,,,,,,,
tumbler-40oz-nfl-kansas-city-chiefs-halloween-tum-20260923-xi-028,,,,,,,,,,,,,,,,,,,,,,,,,https://all-products.taveris.co/products/tumbler-40oz-nfl-kansas-city-chiefs-halloween-tum-20260923-xi-028/03-main.webp,3,KC Kingdom of Fear - Gothic Halloween Tumbler Graphic - main,,,,,,,
tumbler-40oz-nfl-kansas-city-chiefs-halloween-tum-20260923-xi-028,,,,,,,,,,,,,,,,,,,,,,,,,https://all-products.taveris.co/products/tumbler-40oz-nfl-kansas-city-chiefs-halloween-tum-20260923-xi-028/04-main.webp,4,KC Kingdom of Fear - Gothic Halloween Tumbler Graphic - main,,,,,,,
tumbler-40oz-nfl-kansas-city-chiefs-halloween-tum-20260923-xi-028,,,,,,,,,,,,,,,,,,,,,,,,,https://all-products.taveris.co/products/tumbler-40oz-nfl-kansas-city-chiefs-halloween-tum-20260923-xi-028/05-main.webp,5,KC Kingdom of Fear - Gothic Halloween Tumbler Graphic - main,,,,,,,
tumbler-40oz-wwe-halloween-tum-20260923-uy-001,Crowned in Gold - WWE Baroque Regalia Tumbler,"<p>Black lacquer, gilded scrollwork, and a crown set dead centre. This is drinkware styled like a ceremonial object rather than a cup with a logo slapped on it.</p><h3>Design Story</h3><p>The composition is strictly vertical and strictly symmetrical. A jewelled crown sits at the top of the focal panel, the W emblem reads as the central anchor in crystal-set outline, and a lion mask closes the arrangement below, framed by two gilded skulls at the mid-point. Everything beneath dissolves into baroque acanthus curls and diamond-lattice texture, so the eye climbs from ornament to emblem without hesitation. The palette is disciplined: deep black ground, warm gold linework, and small crimson stones used as punctuation rather than filler. That restraint is why the piece reads regal instead of noisy.</p><h3>Use &amp; Experience</h3><p>On a tumbler silhouette the tall, narrow front face suits this stacked hierarchy perfectly — crown, emblem, lion, flourish. The dark ground carries the wraparound ornament around the curve without the pattern fighting itself, while the gold band and handle zone act as natural framing edges. Held in the hand it has genuine carry presence: a statement accessory that still styles easily against black, denim, or neutral everyday wear.</p><h3>Size &amp; Capacity</h3><p>Available capacity: 40 oz.</p><p>Quiet colour, loud attitude. Regalia you can carry.</p>",Taveris,Home & Garden > Kitchen & Dining > Tableware > Drinkware > Tumblers,Tumbler,"Accessories, Drinkware, Graphic Tumbler, New Arrivals, Tumbler WWE, Tumblers",TRUE,Title,Default Title,,,,,DN-AZVVGBJWQRCK,,,,deny,manual,49.95,59.95,TRUE,TRUE,,https://all-products.taveris.co/products/tumbler-40oz-wwe-halloween-tum-20260923-uy-001/01-main.webp,1,Crowned in Gold - WWE Baroque Regalia Tumbler - main,FALSE,WWE Tumbler - Gold Baroque Crown and Lion Design,,,,active,Tumbler WWE
tumbler-40oz-wwe-halloween-tum-20260923-uy-001,,,,,,,,,,,,,,,,,,,,,,,,,https://all-products.taveris.co/products/tumbler-40oz-wwe-halloween-tum-20260923-uy-001/02-main.webp,2,Crowned in Gold - WWE Baroque Regalia Tumbler - main,,,,,,,
tumbler-40oz-wwe-halloween-tum-20260923-uy-001,,,,,,,,,,,,,,,,,,,,,,,,,https://all-products.taveris.co/products/tumbler-40oz-wwe-halloween-tum-20260923-uy-001/03-main.webp,3,Crowned in Gold - WWE Baroque Regalia Tumbler - main,,,,,,,
tumbler-40oz-wwe-halloween-tum-20260923-uy-001,,,,,,,,,,,,,,,,,,,,,,,,,https://all-products.taveris.co/products/tumbler-40oz-wwe-halloween-tum-20260923-uy-001/04-main.webp,4,Crowned in Gold - WWE Baroque Regalia Tumbler - main,,,,,,,
tumbler-40oz-wwe-halloween-tum-20260923-uy-001,,,,,,,,,,,,,,,,,,,,,,,,,https://all-products.taveris.co/products/tumbler-40oz-wwe-halloween-tum-20260923-uy-001/05-main.webp,5,Crowned in Gold - WWE Baroque Regalia Tumbler - main,,,,,,,
tumbler-40oz-wwe-halloween-tum-20260923-uy-002,WWE Gothic Regalia - Gilded Skulls and Ruby Crest Tumbler,"<p>Some drinkware whispers. This one holds a candlelit cathedral pose and waits for you to look longer. It reads less like a printed cup and more like a piece of dark regalia that happens to have a handle.</p><h3>Design Story</h3><p>The composition is built around a centred crest: the WWE mark rendered in gold outline and pavé-style stones, framed by an arched shield and deep red accents. A winged skull crowns the panel, two smaller gilded skulls anchor the midsection, and swagged chains and ruby drops cascade toward a radiant eight-point star near the base. Against the near-black, textured ground, the warm gold and blood-red palette does all the tonal work — high contrast, no noise. Vertical symmetry keeps the ornamentation disciplined rather than chaotic.</p><h3>Use &amp; Experience</h3><p>On a tall tumbler silhouette, that symmetry pays off. The crest sits in the front-facing focal area at eye height, while the chain and star motifs carry the eye down the vertical proportion so the graphic never feels top-heavy. Ornament thins toward the handle side, leaving the grip visually clean. Graphic scale is deliberately maximal — this is a statement carry piece, not a minimal accent.</p><h3>Size &amp; Capacity</h3><p>Available capacity: 40 oz.</p><p>Gothic ornament, contemporary drinkware. Quiet in the hand, loud on the table.</p>",Taveris,Home & Garden > Kitchen & Dining > Tableware > Drinkware > Tumblers,Tumbler,"Accessories, Drinkware, Graphic Tumbler, New Arrivals, Tumbler WWE, Tumblers",TRUE,Title,Default Title,,,,,DN-ETIUROL572NP,,,,deny,manual,49.95,59.95,TRUE,TRUE,,https://all-products.taveris.co/products/tumbler-40oz-wwe-halloween-tum-20260923-uy-002/01-main.webp,1,WWE Gothic Regalia - Gilded Skulls and Ruby Crest Tumbler - main,FALSE,WWE Tumbler - Gothic Gold Skull and Ruby Crest Design,,,,active,Tumbler WWE
tumbler-40oz-wwe-halloween-tum-20260923-uy-002,,,,,,,,,,,,,,,,,,,,,,,,,https://all-products.taveris.co/products/tumbler-40oz-wwe-halloween-tum-20260923-uy-002/02-main.webp,2,WWE Gothic Regalia - Gilded Skulls and Ruby Crest Tumbler - main,,,,,,,
tumbler-40oz-wwe-halloween-tum-20260923-uy-002,,,,,,,,,,,,,,,,,,,,,,,,,https://all-products.taveris.co/products/tumbler-40oz-wwe-halloween-tum-20260923-uy-002/03-main.webp,3,WWE Gothic Regalia - Gilded Skulls and Ruby Crest Tumbler - main,,,,,,,
tumbler-40oz-wwe-halloween-tum-20260923-uy-002,,,,,,,,,,,,,,,,,,,,,,,,,https://all-products.taveris.co/products/tumbler-40oz-wwe-halloween-tum-20260923-uy-002/04-main.webp,4,WWE Gothic Regalia - Gilded Skulls and Ruby Crest Tumbler - main,,,,,,,
tumbler-40oz-wwe-halloween-tum-20260923-uy-002,,,,,,,,,,,,,,,,,,,,,,,,,https://all-products.taveris.co/products/tumbler-40oz-wwe-halloween-tum-20260923-uy-002/05-main.webp,5,WWE Gothic Regalia - Gilded Skulls and Ruby Crest Tumbler - main,,,,,,,
tumbler-40oz-wwe-halloween-tum-20260923-uy-003,Midnight Chapel - WWE Crest in Gold and Amethyst,"<p>Some graphics whisper. This one holds court. A gothic-jewelled tumbler design built around one unmistakable gold crest, glowing against black like a relic pulled from a candlelit cathedral.</p><h3>Design Story</h3><p>The composition is smarter than it first looks. The wrestling crest sits dead center as the focal anchor, framed by a crescent moon studded with pearl-white stones so the eye locks on immediately. Above it, small bats scatter upward into open black space — that negative space is what keeps the piece readable instead of chaotic. Below the crest, draped gold chains, marquise-cut amethysts and twin stone crosses build a second, quieter tier, letting the design breathe as it tapers. Deep purple against black with warm gold is a classic high-contrast pairing, and the layered ornamentation gives the wrap real depth rather than flat decoration.</p><h3>Use &amp; Experience</h3><p>On a tall tumbler silhouette, the vertical hierarchy pays off: crest at eye level, ornament flowing down toward the base, so the artwork reads clearly whether it's sitting on a desk or in your hand. The purple handle and lid finish the palette, and the wraparound detailing means there's no dead side — it looks intentional from every angle. A bold graphic accessory with genuine carry presence.</p><h3>Size &amp; Capacity</h3><p>Available capacity: 40 oz.</p><p>Gothic elegance, one crest, zero hesitation.</p>",Taveris,Home & Garden > Kitchen & Dining > Tableware > Drinkware > Tumblers,Tumbler,"Accessories, Drinkware, Graphic Tumbler, New Arrivals, Tumbler WWE, Tumblers",TRUE,Title,Default Title,,,,,DN-QTEBSXCYVPNT,,,,deny,manual,49.95,59.95,TRUE,TRUE,,https://all-products.taveris.co/products/tumbler-40oz-wwe-halloween-tum-20260923-uy-003/01-main.webp,1,Midnight Chapel - WWE Crest in Gold and Amethyst - main,FALSE,WWE Gothic Tumbler - Amethyst Moon and Crest Design,,,,active,Tumbler WWE
tumbler-40oz-wwe-halloween-tum-20260923-uy-003,,,,,,,,,,,,,,,,,,,,,,,,,https://all-products.taveris.co/products/tumbler-40oz-wwe-halloween-tum-20260923-uy-003/02-main.webp,2,Midnight Chapel - WWE Crest in Gold and Amethyst - main,,,,,,,
tumbler-40oz-wwe-halloween-tum-20260923-uy-003,,,,,,,,,,,,,,,,,,,,,,,,,https://all-products.taveris.co/products/tumbler-40oz-wwe-halloween-tum-20260923-uy-003/03-main.webp,3,Midnight Chapel - WWE Crest in Gold and Amethyst - main,,,,,,,
tumbler-40oz-wwe-halloween-tum-20260923-uy-003,,,,,,,,,,,,,,,,,,,,,,,,,https://all-products.taveris.co/products/tumbler-40oz-wwe-halloween-tum-20260923-uy-003/04-main.webp,4,Midnight Chapel - WWE Crest in Gold and Amethyst - main,,,,,,,
tumbler-40oz-wwe-halloween-tum-20260923-uy-003,,,,,,,,,,,,,,,,,,,,,,,,,https://all-products.taveris.co/products/tumbler-40oz-wwe-halloween-tum-20260923-uy-003/05-main.webp,5,Midnight Chapel - WWE Crest in Gold and Amethyst - main,,,,,,,
tumbler-40oz-wwe-halloween-tum-20260923-uy-004,"Obsidian Requiem - WWE Crest, Gothic Gold and Amethyst Tumbler","<p>Some graphics shout. This one holds its ground in candlelight and lets you come closer. A cathedral-dark palette of black, antique gold and deep amethyst, arranged with the discipline of a jeweller rather than the noise of a print.</p><h3>Design Story</h3><p>The composition is strictly vertical and strictly symmetrical. A crowned cross rises through the centre of the panel, with the WWE crest set into its intersection like a reliquary stone. Above it, a hooded figure in violet shadow anchors the top third; outstretched wings spread left and right to fill the shoulder of the wrap. Two skulls sit at the base, framed by looped chain and fleur-de-lis filigree, with faceted purple stones punctuating the gold linework. Negative space is almost absent by design — the density is the point, and the tonal contrast between warm metallic gold and cold violet keeps the hierarchy readable rather than cluttered.</p><h3>Use &amp; Experience</h3><p>On the tumbler silhouette, the crest lands exactly where the eye goes first, at the front-facing focal area. The ornament tapers with the vertical proportion, carrying the motif down toward the base plate, while the darker ground lets the handle side read as quiet negative space. Carry presence is high: this is a statement accessory, not a background object.</p><h3>Size &amp; Capacity</h3><p>Available capacity: 40 oz.</p><p>Gothic restraint, worn in the hand.</p>",Taveris,Home & Garden > Kitchen & Dining > Tableware > Drinkware > Tumblers,Tumbler,"Accessories, Drinkware, Graphic Tumbler, New Arrivals, Tumbler WWE, Tumblers",TRUE,Title,Default Title,,,,,DN-BGD4RLFHHOFL,,,,deny,manual,49.95,59.95,TRUE,TRUE,,https://all-products.taveris.co/products/tumbler-40oz-wwe-halloween-tum-20260923-uy-004/01-main.webp,1,"Obsidian Requiem - WWE Crest, Gothic Gold and Amethyst Tumbler - main",FALSE,WWE Gothic Tumbler - Skull and Cross Crest Design,,,,active,Tumbler WWE
tumbler-40oz-wwe-halloween-tum-20260923-uy-004,,,,,,,,,,,,,,,,,,,,,,,,,https://all-products.taveris.co/products/tumbler-40oz-wwe-halloween-tum-20260923-uy-004/02-main.webp,2,"Obsidian Requiem - WWE Crest, Gothic Gold and Amethyst Tumbler - main",,,,,,,
tumbler-40oz-wwe-halloween-tum-20260923-uy-004,,,,,,,,,,,,,,,,,,,,,,,,,https://all-products.taveris.co/products/tumbler-40oz-wwe-halloween-tum-20260923-uy-004/03-main.webp,3,"Obsidian Requiem - WWE Crest, Gothic Gold and Amethyst Tumbler - main",,,,,,,
tumbler-40oz-wwe-halloween-tum-20260923-uy-004,,,,,,,,,,,,,,,,,,,,,,,,,https://all-products.taveris.co/products/tumbler-40oz-wwe-halloween-tum-20260923-uy-004/04-main.webp,4,"Obsidian Requiem - WWE Crest, Gothic Gold and Amethyst Tumbler - main",,,,,,,
tumbler-40oz-wwe-halloween-tum-20260923-uy-004,,,,,,,,,,,,,,,,,,,,,,,,,https://all-products.taveris.co/products/tumbler-40oz-wwe-halloween-tum-20260923-uy-004/05-main.webp,5,"Obsidian Requiem - WWE Crest, Gothic Gold and Amethyst Tumbler - main",,,,,,,
tumbler-40oz-wwe-halloween-tum-20260923-uy-005,Crowned in Crimson - WWE Gothic Jewel Tumbler,"<p>Some graphics ask for attention. This one holds court. A deep crimson and gold treatment wraps the tumbler silhouette like couture hardware, built around a single crowned emblem.</p><h3>Design Story</h3><p>The composition is strictly vertical and strictly hierarchical. A winged, crowned shield carrying the WWE mark sits at the upper front panel — the focal anchor — rendered in faceted gold outline against near-black ground. Below it, baroque scrollwork and marquise-cut red jewel motifs cascade downward in mirrored symmetry, loosening the density so the emblem keeps its breathing room. The palette is disciplined: oxblood red, antique gold, black. Tonal contrast does the work, not colour variety. Even the handle and lid area read as continuations of the same lattice, so the wraparound never breaks rhythm.</p><h3>Use &amp; Experience</h3><p>On a tumbler, scale is everything. The crest lands at eye level where it's read first, while the ornamental base carries visual weight low and steadies the vertical proportion. The result is a carry piece with genuine statement level — gothic-luxe rather than novelty — that reads intentional on a desk, a gym bench, or a passenger seat.</p><h3>Size &amp; Capacity</h3><p>Available capacity: 40 oz.</p><p>Restrained darkness, maximal detail. Regalia you drink from.</p>",Taveris,Home & Garden > Kitchen & Dining > Tableware > Drinkware > Tumblers,Tumbler,"Accessories, Drinkware, Graphic Tumbler, New Arrivals, Tumbler WWE, Tumblers",TRUE,Title,Default Title,,,,,DN-NFEYBA2OI2S7,,,,deny,manual,49.95,59.95,TRUE,TRUE,,https://all-products.taveris.co/products/tumbler-40oz-wwe-halloween-tum-20260923-uy-005/01-main.webp,1,Crowned in Crimson - WWE Gothic Jewel Tumbler - main,FALSE,WWE Gothic Tumbler - Red Crystal and Gold Crown Design,,,,active,Tumbler WWE
tumbler-40oz-wwe-halloween-tum-20260923-uy-005,,,,,,,,,,,,,,,,,,,,,,,,,https://all-products.taveris.co/products/tumbler-40oz-wwe-halloween-tum-20260923-uy-005/02-main.webp,2,Crowned in Crimson - WWE Gothic Jewel Tumbler - main,,,,,,,
tumbler-40oz-wwe-halloween-tum-20260923-uy-005,,,,,,,,,,,,,,,,,,,,,,,,,https://all-products.taveris.co/products/tumbler-40oz-wwe-halloween-tum-20260923-uy-005/03-main.webp,3,Crowned in Crimson - WWE Gothic Jewel Tumbler - main,,,,,,,
tumbler-40oz-wwe-halloween-tum-20260923-uy-005,,,,,,,,,,,,,,,,,,,,,,,,,https://all-products.taveris.co/products/tumbler-40oz-wwe-halloween-tum-20260923-uy-005/04-main.webp,4,Crowned in Crimson - WWE Gothic Jewel Tumbler - main,,,,,,,
tumbler-40oz-wwe-halloween-tum-20260923-uy-005,,,,,,,,,,,,,,,,,,,,,,,,,https://all-products.taveris.co/products/tumbler-40oz-wwe-halloween-tum-20260923-uy-005/05-main.webp,5,Crowned in Crimson - WWE Gothic Jewel Tumbler - main,,,,,,,
